name,slug,description,price,selling price,image_url,images,is_personalizable,in_stock,stock_quantity,sku,status,weight_kg,tags,color_variants,size_variants
Lumina Diamond Collection 002,lumina-diamond-collection-002,"A carefully curated corporate gift ensemble designed for lasting impression. Premium coordinated pieces presented in a refined presentation box — ideal for executive recognition, client appreciation programmes, and milestone celebrations. Fully brandable to reflect your organisation's identity.",2920,5840,,[],True,True,100,SET-001,published,0.5,"[""corporate"", ""ensemble"", ""gift set"", ""premium""]","[""BLACK"",""RED"",""BLUE AND GREEN""]",[]
Verdant Eco Pen Ensemble,verdant-eco-pen-ensemble,An eco-conscious corporate gift ensemble crafted from sustainable materials. Thoughtfully matched pieces presented in an elegant box — perfect for organisations that value both premium quality and environmental responsibility. Ideal for client gifts and employee recognition.,780,1560,,[],True,True,100,SET-002,published,0.5,"[""corporate"", ""eco"", ""ensemble"", ""gift set"", ""pen"", ""premium"", ""stationery"", ""sustainable""]","[""WHITE"",""GREEN"",""BLUE"",""ORANGE AND GREY""]",[]
Code 500 Executive Notebook,code-500-executive-notebook,"An elegant professional notebook designed for the modern executive. Premium finish, secure closure, and high-quality lined pages — ideal for meetings, journaling, strategic planning, and daily organisation. A timeless corporate gift.",385,770,,[],True,True,100,NBK-003,published,0.5,"[""corporate"", ""executive"", ""notebook"", ""stationery""]","[""black"",""yellow"",""cyan"",""purple"",""grey"",""Navy blue and royal blue""]",[]
Prismara Crystal Recognition Award,prismara-crystal-recognition-award,"A precision-crafted crystal recognition piece designed to honour outstanding achievement. Clear, substantial, and fully customisable with engraving or logo application — the perfect centrepiece for employee excellence awards, corporate milestones, and distinguished service recognition.",5500,11000,,[],True,True,100,AWD-004,published,0.5,"[""award"", ""corporate"", ""crystal"", ""engraving"", ""recognition"", ""trophy""]",[],[]
E545 Executive Notebook,e545-executive-notebook,"An elegant professional notebook designed for the modern executive. Premium finish, secure closure, and high-quality lined pages — ideal for meetings, journaling, strategic planning, and daily organisation. A timeless corporate gift.",450,900,,[],True,True,100,NBK-005,published,0.5,"[""corporate"", ""executive"", ""notebook"", ""stationery""]","[""RED"",""BLACK"",""GRAY AND GREEN""]",[]
Aurelia Gold-Bar Executive Notebook,aurelia-gold-bar-executive-notebook,"A refined A5 executive notebook featuring a distinctive gold-bar accent. Premium finish, secure closure, and high-quality lined pages — perfect for meetings, strategic planning, and daily organisation. An elevated corporate stationery gift.",450,900,,[],True,True,100,NBK-006,published,0.5,"[""corporate"", ""executive"", ""notebook"", ""stationery""]","[""BLUE"",""RED"",""GREY"",""GREEN AND BROWN""]",[]
SoftTouch Premium Ensemble 030,softtouch-premium-ensemble-030,"A carefully curated corporate gift ensemble designed for lasting impression. Premium coordinated pieces presented in a refined presentation box — ideal for executive recognition, client appreciation programmes, and milestone celebrations. Fully brandable to reflect your organisation's identity.",2380,4760,,[],True,True,100,SET-007,published,0.5,"[""corporate"", ""ensemble"", ""gift set"", ""premium""]","[""blue"",""red and black""]",[]
KNY-16 Ascendant Crystal Award,kny-16-ascendant-crystal-award,"A precision-crafted crystal recognition piece designed to honour outstanding achievement. Clear, substantial, and fully customisable with engraving or logo application — the perfect centrepiece for employee excellence awards, corporate milestones, and distinguished service recognition.",4000,8000,,[],True,True,100,AWD-008,published,0.5,"[""award"", ""corporate"", ""crystal"", ""engraving"", ""recognition"", ""trophy""]",[],[]
Timberline Eco Executive Notebook,timberline-eco-executive-notebook,"An eco-conscious executive notebook crafted for professionals who value sustainability. Premium pages, durable cover, and refined finish — ideal for meetings, journaling, and daily planning. A thoughtful corporate gift that reflects environmental responsibility.",400,800,,[],True,True,100,NBK-009,published,0.5,"[""corporate"", ""eco"", ""executive"", ""notebook"", ""stationery"", ""sustainable""]","[""BLACK"",""WHITE"",""BLUE"",""RED"",""GREY"",""ORANGE"",""GREEN"",""BROWN""]",[]
Lady Luck & Gentle Jack Presentation Box,lady-luck-gentle-jack-presentation-box,A premium dual-size presentation box designed to elevate any gift. Elegant finish and secure closure ensure a stunning first impression. Lady Luck (L 33cm × W 25cm × H 12cm) and Gentle Jack (L 38cm × W 26cm × H 13cm).,1000,2000,,[],True,True,100,BOX-010,published,0.5,"[""corporate"", ""gift box"", ""packaging"", ""presentation""]",[],"[""Lady luck size L-33cm W-25cm H-12cm Gentle jack size L- 38cm W- 26cm H-13cm""]"
Code 638-25 Executive Notebook,code-638-25-executive-notebook,"An elegant professional notebook designed for the modern executive. Premium finish, secure closure, and high-quality lined pages — ideal for meetings, journaling, strategic planning, and daily organisation. A timeless corporate gift.",400,800,,[],True,True,100,NBK-011,published,0.5,"[""corporate"", ""executive"", ""notebook"", ""stationery""]","[""black"",""red"",""green"",""blue"",""light blue"",""grey and brown""]",[]
Chronos 1676 Desk Clock,chronos-1676-desk-clock,"A premium desk clock designed to bring elegance and precision to any workspace. Crafted with attention to detail — ideal for executive offices, corporate gifts, and professional environments.",2000,4000,,[],True,True,100,CLK-012,published,0.5,"[""clock"", ""corporate"", ""desk"", ""office"", ""timepiece""]",[],[]
KNY-001 Heritage Crystal Award,kny-001-heritage-crystal-award,"A precision-crafted crystal recognition piece designed to honour outstanding achievement. Clear, substantial, and fully customisable with engraving or logo application — the perfect centrepiece for employee excellence awards, corporate milestones, and distinguished service recognition.",3200,6400,,[],True,True,100,AWD-013,published,0.5,"[""award"", ""corporate"", ""crystal"", ""engraving"", ""recognition"", ""trophy""]",[],[]
Italia Design Pen Case,italia-design-pen-case,A refined pen storage case designed to protect and present writing instruments with elegance. Premium materials and thoughtful construction make it a distinguished desk accessory or corporate gift component.,500,1000,,[],True,True,100,ACC-014,published,0.5,"[""accessory"", ""corporate"", ""pen case"", ""stationery""]",[],[]
SubliMag Fridge Magnet,sublimag-fridge-magnet,"A customisable sublimation fridge magnet — practical, promotional, and memorable. Ideal for brand visibility campaigns, event giveaways, and everyday desk or kitchen use.",160,320,,[],True,True,100,ACC-015,published,0.5,"[""accessory"", ""corporate"", ""magnet"", ""promotional""]","[""SILVER"",""GOLD AND BLACK""]",[]
Code 002 Professional Pen,code-002-professional-pen,"A high-quality professional writing instrument engineered for smooth, reliable performance. Ideal for corporate branding, daily office use, and client gifting. Available for full customisation with your logo or brand colours.",35,70,,[],True,True,100,PEN-016,published,0.5,"[""branding"", ""corporate"", ""pen"", ""stationery"", ""writing""]","[""Green"",""Blue"",""White"",""Red""]",[]
TwinPeak Dual Thermal Flask,twinpeak-dual-thermal-flask,"A premium insulated vessel engineered to maintain ideal temperature for hot or cold beverages. Durable construction and refined styling make it an excellent companion for the office, travel, or outdoor use. Fully brandable for corporate programmes.",700,1400,,[],True,True,100,FLK-039,published,0.5,"[""corporate"", ""drinkware"", ""flask"", ""insulated"", ""thermal""]","[""Black"",""Red"",""Blue"",""White"",""Grey"",""Pink""]",[]
Atlas Executive 545 Ensemble,atlas-executive-545-ensemble,"A carefully curated corporate gift ensemble designed for lasting impression. Premium coordinated pieces presented in a refined presentation box — ideal for executive recognition, client appreciation programmes, and milestone celebrations. Fully brandable to reflect your organisation's identity.",900,1800,,[],True,True,100,SET-040,published,0.5,"[""corporate"", ""ensemble"", ""gift set"", ""premium""]","[""Gray"",""Red"",""Blue"",""Green""]",[]
KNY-21 Summit Crystal Award,kny-21-summit-crystal-award,"A precision-crafted crystal recognition piece designed to honour outstanding achievement. Clear, substantial, and fully customisable with engraving or logo application — the perfect centrepiece for employee excellence awards, corporate milestones, and distinguished service recognition.",4100,8200,,[],True,True,100,AWD-041,published,0.5,"[""award"", ""corporate"", ""crystal"", ""engraving"", ""recognition"", ""trophy""]",[],[]
KNY-4 Pinnacle Crystal Award,kny-4-pinnacle-crystal-award,"A precision-crafted crystal recognition piece designed to honour outstanding achievement. Clear, substantial, and fully customisable with engraving or logo application — the perfect centrepiece for employee excellence awards, corporate milestones, and distinguished service recognition.",3200,6400,,[],True,True,100,AWD-042,published,0.5,"[""award"", ""corporate"", ""crystal"", ""engraving"", ""recognition"", ""trophy""]",[],[]
Orbit Round-Buckle Gift Collection,orbit-round-buckle-gift-collection,"A carefully curated corporate gift ensemble designed for lasting impression. Premium coordinated pieces presented in a refined presentation box — ideal for executive recognition, client appreciation programmes, and milestone celebrations. Fully brandable to reflect your organisation's identity.",1000,2000,,[],True,True,100,SET-043,published,0.5,"[""corporate"", ""ensemble"", ""gift set"", ""premium""]","[""Black"",""Grey"",""Navy Blue"",""Green"",""Red""]",[]
NoirMetal Keyring,noirmetal-keyring,"A premium customisable keyring crafted with care and precision. An excellent personalised accessory for everyday use — ideal as a thoughtful small corporate gift, event giveaway, or personal keepsake. Fully brandable.",120,240,,[],True,True,100,ACC-044,published,0.5,"[""accessory"", ""corporate"", ""keyring"", ""personalised""]",[],"[""Rectangle""]"
HandleCraft A4 Gift Box,handlecraft-a4-gift-box,A premium A4 gift box with integrated handle for easy carrying and presentation. Elegant finish and secure closure — ideal for corporate gifts and retail packaging.,650,1300,,[],True,True,100,BOX-045,published,0.5,"[""corporate"", ""gift box"", ""packaging"", ""presentation""]","[""Black"",""Baby Blue"",""Gold"",""Red"",""Silver"",""Blue""]","[""L-33cm H-12cm W-25cm""]"
0131A Clarity Crystal Award,0131a-clarity-crystal-award,"A precision-crafted crystal recognition piece designed to honour outstanding achievement. Clear, substantial, and fully customisable with engraving or logo application — the perfect centrepiece for employee excellence awards, corporate milestones, and distinguished service recognition.",2800,5600,,[],True,True,100,AWD-046,published,0.5,"[""award"", ""corporate"", ""crystal"", ""engraving"", ""recognition"", ""trophy""]",[],[]
SoftTouch 500ml Thermal Flask,softtouch-500ml-thermal-flask,"A premium insulated vessel engineered to maintain ideal temperature for hot or cold beverages. Durable construction and refined styling make it an excellent companion for the office, travel, or outdoor use. Fully brandable for corporate programmes.",650,1300,,[],True,True,100,FLK-259,published,0.5,"[""corporate"", ""drinkware"", ""flask"", ""insulated"", ""thermal""]","[""RED"", ""BLACK"", ""GREY"", ""JUNGLE GREEN"", ""NAVY BLUE"", ""TORQUISE"", ""WHITE"", ""ROYAL BLUE""]",[]
LitreForge 1000ml Thermal Flask,litreforge-1000ml-thermal-flask,"A premium insulated vessel engineered to maintain ideal temperature for hot or cold beverages. Durable construction and refined styling make it an excellent companion for the office, travel, or outdoor use. Fully brandable for corporate programmes.",950,1900,,[],True,True,100,FLK-047,published,0.5,"[""corporate"", ""drinkware"", ""flask"", ""insulated"", ""thermal""]","[""Black"",""White"",""Blue"",""Red"",""Orange"",""Yellow""]",[]
Timberline Wooden-Base Collection,timberline-wooden-base-collection,"A carefully curated corporate gift ensemble designed for lasting impression. Premium coordinated pieces presented in a refined presentation box — ideal for executive recognition, client appreciation programmes, and milestone celebrations. Fully brandable to reflect your organisation's identity.",2650,5300,,[],True,True,100,SET-048,published,0.5,"[""corporate"", ""ensemble"", ""gift set"", ""premium""]","[""Red"",""Green"",""Black"",""Blue"",""Grey""]",[]
VinoKeep Wine Tumbler,vinokeep-wine-tumbler,"A premium insulated vessel engineered to maintain ideal temperature for hot or cold beverages. Durable construction and refined styling make it an excellent companion for the office, travel, or outdoor use. Fully brandable for corporate programmes.",750,1500,,[],True,True,100,FLK-049,published,0.5,"[""corporate"", ""drinkware"", ""flask"", ""insulated"", ""thermal"", ""tumbler""]","[""Orange"",""Mocka""]",[]
MatteForge Executive Pen,matteforge-executive-pen,"A high-quality professional writing instrument engineered for smooth, reliable performance. Ideal for corporate branding, daily office use, and client gifting. Available for full customisation with your logo or brand colours.",20,40,,[],True,True,100,PEN-233,published,0.5,"[""branding"", ""corporate"", ""pen"", ""stationery"", ""writing""]","[""RED"", ""BLUE"", ""BROWN"", ""LIGHT BLUE"", ""GREEN"", ""BLACK"", ""WHITE"", ""YELLOW"", ""LIGHT GREEN"", ""ORANGE""]",[]
CR006 Radiance Crystal Award,cr006-radiance-crystal-award,"A precision-crafted crystal recognition piece designed to honour outstanding achievement. Clear, substantial, and fully customisable with engraving or logo application — the perfect centrepiece for employee excellence awards, corporate milestones, and distinguished service recognition.",4950,9900,,[],True,True,100,AWD-050,published,0.5,"[""award"", ""corporate"", ""crystal"", ""engraving"", ""recognition"", ""trophy""]",[],[]
0157A Luminara Crystal Award,0157a-luminara-crystal-award,"A precision-crafted crystal recognition piece designed to honour outstanding achievement. Clear, substantial, and fully customisable with engraving or logo application — the perfect centrepiece for employee excellence awards, corporate milestones, and distinguished service recognition.",4945,9890,,[],True,True,100,AWD-027,published,0.5,"[""award"", ""corporate"", ""crystal"", ""engraving"", ""recognition"", ""trophy""]",[],[]
Radisson Classic Executive Pen,radisson-classic-executive-pen,"A high-quality professional writing instrument engineered for smooth, reliable performance. Ideal for corporate branding, daily office use, and client gifting. Available for full customisation with your logo or brand colours.",20,40,,[],True,True,100,PEN-234,published,0.5,"[""branding"", ""corporate"", ""pen"", ""stationery"", ""writing""]","[""GREEN"", ""BLACK"", ""WHITE"", ""SILVER"", ""BLUE"", ""YELLOW"", ""RED""]",[]
E113 Executive Notebook,e113-executive-notebook,"An elegant professional notebook designed for the modern executive. Premium finish, secure closure, and high-quality lined pages — ideal for meetings, journaling, strategic planning, and daily organisation. A timeless corporate gift.",550,1100,,[],True,True,100,NBK-246,published,0.5,"[""corporate"", ""executive"", ""notebook"", ""stationery""]","[""BLACK"", ""GREY"", ""GREEN"", ""MINT GREEN"", ""BLUE"", ""NAVY BLUE""]",[]
LuxeLine Executive Cardholder,luxeline-executive-cardholder,"A slim, refined cardholder designed for the modern professional. Premium materials and precise construction — perfect as a corporate gift or everyday desk essential. Available for branding.",250,500,,[],True,True,100,ACC-051,published,0.5,"[""accessory"", ""cardholder"", ""corporate"", ""wallet""]","[""Brown"",""Grey""]",[]
A248 Distinction Crystal Award,a248-distinction-crystal-award,"A precision-crafted crystal recognition piece designed to honour outstanding achievement. Clear, substantial, and fully customisable with engraving or logo application — the perfect centrepiece for employee excellence awards, corporate milestones, and distinguished service recognition.",3500,7000,,[],True,True,100,AWD-052,published,0.5,"[""award"", ""corporate"", ""crystal"", ""engraving"", ""recognition"", ""trophy""]",[],[]
E120 Executive Notebook,e120-executive-notebook,"An elegant professional notebook designed for the modern executive. Premium finish, secure closure, and high-quality lined pages — ideal for meetings, journaling, strategic planning, and daily organisation. A timeless corporate gift.",400,800,,[],True,True,100,NBK-245,published,0.5,"[""corporate"", ""executive"", ""notebook"", ""stationery""]","[""RED"", ""BLACK"", ""BLUE""]",[]
DualRing Rubber-Grip Executive Pen,dualring-rubber-grip-executive-pen,"A high-quality professional writing instrument engineered for smooth, reliable performance. Ideal for corporate branding, daily office use, and client gifting. Available for full customisation with your logo or brand colours.",100,200,,[],True,True,100,PEN-235,published,0.5,"[""branding"", ""corporate"", ""pen"", ""stationery"", ""writing""]","[""LIGHT BLUE"", ""INDIGO"", ""RED"", ""MINT"", ""VIOLET"", ""YELLOW"", ""LIGHT GREEN"", ""GREY"", ""BLUE"", ""WHITE""]",[]
SoftTouch 750ml Thermal Flask,softtouch-750ml-thermal-flask,"A premium insulated vessel engineered to maintain ideal temperature for hot or cold beverages. Durable construction and refined styling make it an excellent companion for the office, travel, or outdoor use. Fully brandable for corporate programmes.",950,1900,,[],True,True,100,FLK-053,published,0.5,"[""corporate"", ""drinkware"", ""flask"", ""insulated"", ""thermal""]","[""White"",""Blue"",""Red""]",[]
TwinPeak Dual-Flask Collection,twinpeak-dual-flask-collection,"A premium drinkware-focused gift ensemble featuring coordinated thermal pieces. Presented in a sophisticated box, this collection is ideal for executive gifting, client hospitality programmes, and corporate milestone celebrations. Fully customisable.",2370,4740,,[],True,True,100,SET-054,published,0.5,"[""corporate"", ""drinkware"", ""ensemble"", ""flask"", ""gift set"", ""premium""]","[""Black"",""Blue"",""Grey""]",[]
CorkCraft Sustainable Gift Collection,corkcraft-sustainable-gift-collection,An eco-conscious corporate gift ensemble crafted from sustainable materials. Thoughtfully matched pieces presented in an elegant box — perfect for organisations that value both premium quality and environmental responsibility. Ideal for client gifts and employee recognition.,2590,5180,,[],True,True,100,SET-055,published,0.5,"[""corporate"", ""eco"", ""ensemble"", ""gift set"", ""premium"", ""sustainable""]","[""Orange"",""Red"",""Blue"",""Grey"",""Green"",""White"",""Black""]",[]
Chronos 22190 Desk Clock,chronos-22190-desk-clock,"A premium desk clock designed to bring elegance and precision to any workspace. Crafted with attention to detail — ideal for executive offices, corporate gifts, and professional environments.",1000,2000,,[],True,True,100,CLK-056,published,0.5,"[""clock"", ""corporate"", ""desk"", ""office"", ""timepiece""]",[],[]
CR004 Excellence Crystal Award,cr004-excellence-crystal-award,"A precision-crafted crystal recognition piece designed to honour outstanding achievement. Clear, substantial, and fully customisable with engraving or logo application — the perfect centrepiece for employee excellence awards, corporate milestones, and distinguished service recognition.",3200,6400,,[],True,True,100,AWD-057,published,0.5,"[""award"", ""corporate"", ""crystal"", ""engraving"", ""recognition"", ""trophy""]",[],[]
CR005 Achievement Crystal Award,cr005-achievement-crystal-award,"A precision-crafted crystal recognition piece designed to honour outstanding achievement. Clear, substantial, and fully customisable with engraving or logo application — the perfect centrepiece for employee excellence awards, corporate milestones, and distinguished service recognition.",2900,5800,,[],True,True,100,AWD-059,published,0.5,"[""award"", ""corporate"", ""crystal"", ""engraving"", ""recognition"", ""trophy""]",[],[]
A109 Legacy Crystal Award,a109-legacy-crystal-award,"A precision-crafted crystal recognition piece designed to honour outstanding achievement. Clear, substantial, and fully customisable with engraving or logo application — the perfect centrepiece for employee excellence awards, corporate milestones, and distinguished service recognition.",3000,6000,,[],True,True,100,AWD-060,published,0.5,"[""award"", ""corporate"", ""crystal"", ""engraving"", ""recognition"", ""trophy""]",[],[]
ArrowForge Flask Gift Collection,arrowforge-flask-gift-collection,"A premium drinkware-focused gift ensemble featuring coordinated thermal pieces. Presented in a sophisticated box, this collection is ideal for executive gifting, client hospitality programmes, and corporate milestone celebrations. Fully customisable.",3000,6000,,[],True,True,100,SET-061,published,0.5,"[""corporate"", ""drinkware"", ""ensemble"", ""flask"", ""gift set"", ""premium""]","[""Black"",""White""]",[]
GridLock Checked Buckle Ensemble,gridlock-checked-buckle-ensemble,"A carefully curated corporate gift ensemble designed for lasting impression. Premium coordinated pieces presented in a refined presentation box — ideal for executive recognition, client appreciation programmes, and milestone celebrations. Fully brandable to reflect your organisation's identity.",450,900,,[],True,True,100,SET-255,published,0.5,"[""corporate"", ""ensemble"", ""gift set"", ""premium""]","[""BLACK"", ""BLUE"", ""RED"", ""GREY"", ""GREEN"", ""BROWN""]",[]
Executive Plastic Professional Pen,executive-plastic-professional-pen,"A high-quality professional writing instrument engineered for smooth, reliable performance. Ideal for corporate branding, daily office use, and client gifting. Available for full customisation with your logo or brand colours.",50,100,,[],True,True,100,PEN-244,published,0.5,"[""branding"", ""corporate"", ""pen"", ""stationery"", ""writing""]","[""BLACK"", ""WHITE"", ""RED"", ""BLUE"", ""GREY"", ""GOLD""]",[]
CR018 Prestige Crystal Award,cr018-prestige-crystal-award,"A precision-crafted crystal recognition piece designed to honour outstanding achievement. Clear, substantial, and fully customisable with engraving or logo application — the perfect centrepiece for employee excellence awards, corporate milestones, and distinguished service recognition.",3500,7000,,[],True,True,100,AWD-062,published,0.5,"[""award"", ""corporate"", ""crystal"", ""engraving"", ""recognition"", ""trophy""]",[],[]
CR019 Honour Crystal Award,cr019-honour-crystal-award,"A precision-crafted crystal recognition piece designed to honour outstanding achievement. Clear, substantial, and fully customisable with engraving or logo application — the perfect centrepiece for employee excellence awards, corporate milestones, and distinguished service recognition.",3500,7000,,[],True,True,100,AWD-065,published,0.5,"[""award"", ""corporate"", ""crystal"", ""engraving"", ""recognition"", ""trophy""]",[],[]
A239 Triumph Crystal Award,a239-triumph-crystal-award,"A precision-crafted crystal recognition piece designed to honour outstanding achievement. Clear, substantial, and fully customisable with engraving or logo application — the perfect centrepiece for employee excellence awards, corporate milestones, and distinguished service recognition.",3200,6400,,[],True,True,100,AWD-063,published,0.5,"[""award"", ""corporate"", ""crystal"", ""engraving"", ""recognition"", ""trophy""]",[],[]
BambooCap 510ml Aluminium Bottle,bamboocap-510ml-aluminium-bottle,"An eco-conscious insulated bottle combining sustainable materials with reliable temperature retention. Ideal for environmentally minded organisations seeking premium, brandable drinkware for staff or clients.",430,860,,[],True,True,100,FLK-261,published,0.5,"[""bottle"", ""corporate"", ""drinkware"", ""eco"", ""flask"", ""insulated"", ""sustainable"", ""thermal""]","[""BLACK"", ""WHITE"", ""GREY""]",[]
CR007 Sovereign Crystal Award,cr007-sovereign-crystal-award,"A precision-crafted crystal recognition piece designed to honour outstanding achievement. Clear, substantial, and fully customisable with engraving or logo application — the perfect centrepiece for employee excellence awards, corporate milestones, and distinguished service recognition.",5000,10000,,[],True,True,100,AWD-064,published,0.5,"[""award"", ""corporate"", ""crystal"", ""engraving"", ""recognition"", ""trophy""]",[],[]
TwinWood Rectangular Keyring,twinwood-rectangular-keyring,"A premium customisable keyring crafted with care and precision. An excellent personalised accessory for everyday use — ideal as a thoughtful small corporate gift, event giveaway, or personal keepsake. Fully brandable.",60,120,,[],True,True,100,ACC-065,published,0.5,"[""accessory"", ""corporate"", ""eco"", ""keyring"", ""personalised"", ""sustainable""]",[],[]
EcoBase Sustainable Tumbler,ecobase-sustainable-tumbler,"An eco-conscious insulated bottle combining sustainable materials with reliable temperature retention. Ideal for environmentally minded organisations seeking premium, brandable drinkware for staff or clients.",850,1700,,[],True,True,100,FLK-020,published,0.5,"[""corporate"", ""drinkware"", ""eco"", ""flask"", ""insulated"", ""sustainable"", ""thermal"", ""tumbler""]","[""Blue"",""Green"",""Red""]",[]
CR001 Classic Crystal Award,cr001-classic-crystal-award,"A precision-crafted crystal recognition piece designed to honour outstanding achievement. Clear, substantial, and fully customisable with engraving or logo application — the perfect centrepiece for employee excellence awards, corporate milestones, and distinguished service recognition.",2600,5200,,[],True,True,100,AWD-066,published,0.5,"[""award"", ""corporate"", ""crystal"", ""engraving"", ""recognition"", ""trophy""]",[],[]
Harmony Tea Mug Collection,harmony-tea-mug-collection,"A premium drinkware-focused gift ensemble featuring coordinated thermal pieces. Presented in a sophisticated box, this collection is ideal for executive gifting, client hospitality programmes, and corporate milestone celebrations. Fully customisable.",2985,5970,,[],True,True,100,SET-257,published,0.5,"[""corporate"", ""drinkware"", ""ensemble"", ""flask"", ""gift set"", ""premium""]","[""GREEN"", ""BLACK"", ""BLUE"", ""RED"", ""GREY""]",[]
CurveLine Plastic Executive Pen,curveline-plastic-executive-pen,"A high-quality professional writing instrument engineered for smooth, reliable performance. Ideal for corporate branding, daily office use, and client gifting. Available for full customisation with your logo or brand colours.",35,70,,[],True,True,100,PEN-236,published,0.5,"[""branding"", ""corporate"", ""pen"", ""stationery"", ""writing""]","[""GOLD"", ""YELLOW"", ""BLUE"", ""RED""]",[]
M568 Orbital Crystal Award,m568-orbital-crystal-award,"A precision-crafted crystal recognition piece designed to honour outstanding achievement. Clear, substantial, and fully customisable with engraving or logo application — the perfect centrepiece for employee excellence awards, corporate milestones, and distinguished service recognition.",4500,9000,,[],True,True,100,AWD-067,published,0.5,"[""award"", ""corporate"", ""crystal"", ""engraving"", ""recognition"", ""trophy""]",[],[]
Prestige Lapel Pin,prestige-lapel-pin,"A refined lapel pin crafted for professional and ceremonial wear. Ideal for corporate identity programmes, events, and recognition gifts. Fully customisable with your emblem or logo.",40,80,,[],True,True,100,ACC-032,published,0.5,"[""accessory"", ""badge"", ""corporate"", ""lapel pin""]",[],"[""Square 2cm"",""Rectangle 2cm""]"
CR003 Merit Crystal Award,cr003-merit-crystal-award,"A precision-crafted crystal recognition piece designed to honour outstanding achievement. Clear, substantial, and fully customisable with engraving or logo application — the perfect centrepiece for employee excellence awards, corporate milestones, and distinguished service recognition.",2800,5600,,[],True,True,100,AWD-068,published,0.5,"[""award"", ""corporate"", ""crystal"", ""engraving"", ""recognition"", ""trophy""]",[],[]
NoirLux A3 Carrier Bag,noirlux-a3-carrier-bag,"A premium laminated carrier bag designed to elevate retail packaging, corporate events, and branded gifting. Sturdy construction and refined finish ensure your presentation makes a lasting first impression. Fully customisable with logo or brand colours.",140,280,,[],True,True,100,BAG-069,published,0.5,"[""bag"", ""carrier bag"", ""corporate"", ""packaging""]",[],"[""A3 Landscape""]"
ChromaLux A4 Carrier Bag,chromalux-a4-carrier-bag,"A premium laminated carrier bag designed to elevate retail packaging, corporate events, and branded gifting. Sturdy construction and refined finish ensure your presentation makes a lasting first impression. Fully customisable with logo or brand colours.",130,260,,[],True,True,100,BAG-070,published,0.5,"[""bag"", ""carrier bag"", ""corporate"", ""packaging""]","[""Red"",""Blue"",""Black""]","[""A4 Landscape""]"
Lumina Diamond Thermal Flask,lumina-diamond-thermal-flask,"A premium insulated vessel engineered to maintain ideal temperature for hot or cold beverages. Durable construction and refined styling make it an excellent companion for the office, travel, or outdoor use. Fully brandable for corporate programmes.",950,1900,,[],True,True,100,FLK-071,published,0.5,"[""corporate"", ""drinkware"", ""flask"", ""insulated"", ""thermal""]","[""Black"",""Grey"",""White"",""Red""]",[]
014 Professional Pen,014-professional-pen,"A high-quality professional writing instrument engineered for smooth, reliable performance. Ideal for corporate branding, daily office use, and client gifting. Available for full customisation with your logo or brand colours.",35,70,,[],True,True,100,PEN-072,published,0.5,"[""branding"", ""corporate"", ""pen"", ""stationery"", ""writing""]","[""Black"",""Blue"",""Red"",""White"",""Grey"",""Green""]",[]
CorkCraft Fabric-Cover Notebook,corkcraft-fabric-cover-notebook,"An eco-conscious executive notebook crafted for professionals who value sustainability. Premium pages, durable cover, and refined finish — ideal for meetings, journaling, and daily planning. A thoughtful corporate gift that reflects environmental responsibility.",400,800,,[],True,True,100,NBK-252,published,0.5,"[""corporate"", ""eco"", ""executive"", ""notebook"", ""stationery"", ""sustainable""]",[],[]
Code 006 Professional Pen,code-006-professional-pen,"A high-quality professional writing instrument engineered for smooth, reliable performance. Ideal for corporate branding, daily office use, and client gifting. Available for full customisation with your logo or brand colours.",120,240,,[],True,True,100,PEN-241,published,0.5,"[""branding"", ""corporate"", ""pen"", ""stationery"", ""writing""]","[""BLACK"", ""WHITE"", ""RED"", ""GREY"", ""GREEN"", ""BLUE""]",[]
MagLock Magnetic-Buckle A5 Notebook,maglock-magnetic-buckle-a5-notebook,"An elegant executive notebook with a secure buckle closure. Premium cover finish and high-quality lined pages make it ideal for meetings, journaling, and professional organisation. A polished corporate gift choice.",450,900,,[],True,True,100,NBK-251,published,0.5,"[""corporate"", ""executive"", ""notebook"", ""stationery""]","[""BLUE"", ""BROWN"", ""RED"", ""GREY""]",[]
WoodMetal Rectangular Keyring,woodmetal-rectangular-keyring,"A premium customisable keyring crafted with care and precision. An excellent personalised accessory for everyday use — ideal as a thoughtful small corporate gift, event giveaway, or personal keepsake. Fully brandable.",150,300,,[],True,True,100,ACC-073,published,0.5,"[""accessory"", ""corporate"", ""eco"", ""keyring"", ""personalised"", ""sustainable""]",[],[]
CorkCraft Sustainable Gift Collection,corkcraft-sustainable-gift-collection-1,An eco-conscious corporate gift ensemble crafted from sustainable materials. Thoughtfully matched pieces presented in an elegant box — perfect for organisations that value both premium quality and environmental responsibility. Ideal for client gifts and employee recognition.,780,1560,,[],True,True,100,SET-074,published,0.5,"[""corporate"", ""eco"", ""ensemble"", ""gift set"", ""premium"", ""sustainable""]","[""Green"",""Grey"",""Orange"",""Brown""]",[]
ArrowForge Steel Thermal Flask,arrowforge-steel-thermal-flask,"A premium insulated vessel engineered to maintain ideal temperature for hot or cold beverages. Durable construction and refined styling make it an excellent companion for the office, travel, or outdoor use. Fully brandable for corporate programmes.",850,1700,,[],True,True,100,FLK-075,published,0.5,"[""corporate"", ""drinkware"", ""flask"", ""insulated"", ""thermal""]","[""Black"",""White"",""Red"",""Blue"",""Grey"",""Pink""]",[]
BambooOrb Keyring,bambooorb-keyring,"A premium customisable keyring crafted with care and precision. An excellent personalised accessory for everyday use — ideal as a thoughtful small corporate gift, event giveaway, or personal keepsake. Fully brandable.",150,300,,[],True,True,100,ACC-267,published,0.5,"[""accessory"", ""corporate"", ""eco"", ""keyring"", ""personalised"", ""sustainable""]",[],[]
Europa Design Pen Case,europa-design-pen-case,A refined pen storage case designed to protect and present writing instruments with elegance. Premium materials and thoughtful construction make it a distinguished desk accessory or corporate gift component.,450,900,,[],True,True,100,ACC-076,published,0.5,"[""accessory"", ""corporate"", ""pen case"", ""stationery""]",[],[]
CR011 Grandeur Crystal Award,cr011-grandeur-crystal-award,"A precision-crafted crystal recognition piece designed to honour outstanding achievement. Clear, substantial, and fully customisable with engraving or logo application — the perfect centrepiece for employee excellence awards, corporate milestones, and distinguished service recognition.",4500,9000,,[],True,True,100,AWD-077,published,0.5,"[""award"", ""corporate"", ""crystal"", ""engraving"", ""recognition"", ""trophy""]",[],[]
KNY-5 Horizon Crystal Award,kny-5-horizon-crystal-award,"A precision-crafted crystal recognition piece designed to honour outstanding achievement. Clear, substantial, and fully customisable with engraving or logo application — the perfect centrepiece for employee excellence awards, corporate milestones, and distinguished service recognition.",3800,7600,,[],True,True,100,AWD-078,published,0.5,"[""award"", ""corporate"", ""crystal"", ""engraving"", ""recognition"", ""trophy""]",[],[]
CurveLine Plastic Executive Pen,curveline-plastic-executive-pen-1,"A high-quality professional writing instrument engineered for smooth, reliable performance. Ideal for corporate branding, daily office use, and client gifting. Available for full customisation with your logo or brand colours.",20,40,,[],True,True,100,PEN-079,published,0.5,"[""branding"", ""corporate"", ""pen"", ""stationery"", ""writing""]","[""Blue"",""Green"",""White"",""Black"",""Red""]",[]
BambooForge Executive Notebook,bambooforge-executive-notebook,"An eco-conscious executive notebook crafted for professionals who value sustainability. Premium pages, durable cover, and refined finish — ideal for meetings, journaling, and daily planning. A thoughtful corporate gift that reflects environmental responsibility.",420,840,,[],True,True,100,NBK-080,published,0.5,"[""corporate"", ""eco"", ""executive"", ""notebook"", ""stationery"", ""sustainable""]","[""Red"",""Brown"",""Orange"",""Black"",""Green"",""Blue""]",[]
CR012 Majesty Crystal Award,cr012-majesty-crystal-award,"A precision-crafted crystal recognition piece designed to honour outstanding achievement. Clear, substantial, and fully customisable with engraving or logo application — the perfect centrepiece for employee excellence awards, corporate milestones, and distinguished service recognition.",5800,11600,,[],True,True,100,AWD-081,published,0.5,"[""award"", ""corporate"", ""crystal"", ""engraving"", ""recognition"", ""trophy""]",[],[]
DeskGuard Mouse Pad,deskguard-mouse-pad,A premium desk accessory engineered for comfort and precision. Ideal for corporate branding programmes and everyday office use. Fully customisable with logo or artwork.,120,240,,[],True,True,100,ACC-037,published,0.5,"[""accessory"", ""corporate"", ""desk"", ""mousepad""]",[],"[""Round"",""Rectangle""]"
SubliPad Custom Mousepad,sublipad-custom-mousepad,A premium desk accessory engineered for comfort and precision. Ideal for corporate branding programmes and everyday office use. Fully customisable with logo or artwork.,110,220,,[],True,True,100,ACC-038,published,0.5,"[""accessory"", ""corporate"", ""desk"", ""mousepad""]","[""White""]",[]
Code P009 Desk Accessory,code-p009-desk-accessory,A premium desk accessory designed to add refinement to any workspace. Crafted with attention to detail — ideal for corporate gifting or personal desk organisation.,150,300,,[],True,True,100,ACC-082,published,0.5,"[""accessory"", ""corporate"", ""desk""]",[],[]
Code 008 Professional Pen,code-008-professional-pen,"A high-quality professional writing instrument engineered for smooth, reliable performance. Ideal for corporate branding, daily office use, and client gifting. Available for full customisation with your logo or brand colours.",150,300,,[],True,True,100,PEN-242,published,0.5,"[""branding"", ""corporate"", ""pen"", ""stationery"", ""writing""]","[""BLACK"", ""RED"", ""WHITE"", ""BLUE"", ""GREEN"", ""GREY"", ""DARK BLUE"", ""DARK GREY"", ""BEIGE"", ""ORANGE""]",[]
Code 128 Executive Notebook,code-128-executive-notebook,"An elegant professional notebook designed for the modern executive. Premium finish, secure closure, and high-quality lined pages — ideal for meetings, journaling, strategic planning, and daily organisation. A timeless corporate gift.",500,1000,,[],True,True,100,NBK-083,published,0.5,"[""corporate"", ""executive"", ""notebook"", ""stationery""]","[""Gray"",""Red"",""Green"",""Blue"",""Black""]",[]
E-30 Executive Notebook,e-30-executive-notebook,"An elegant professional notebook designed for the modern executive. Premium finish, secure closure, and high-quality lined pages — ideal for meetings, journaling, strategic planning, and daily organisation. A timeless corporate gift.",550,1100,,[],True,True,100,NBK-247,published,0.5,"[""corporate"", ""executive"", ""notebook"", ""stationery""]","[""BLACK"", ""NAVY BLUE"", ""GREEN""]",[]
FlexBand Executive Notebook,flexband-executive-notebook,"A flexible-band executive notebook with premium finish and high-quality lined pages. Secure yet effortless closure — perfect for meetings, journaling, and daily planning. A versatile corporate stationery essential.",380,760,,[],True,True,100,NBK-084,published,0.5,"[""corporate"", ""executive"", ""notebook"", ""stationery""]","[""Black"",""White"",""Red"",""Brown"",""Orange""]",[]
Diamond Flask Set Executive Notebook,diamond-flask-set-executive-notebook,"An elegant professional notebook designed for the modern executive. Premium finish, secure closure, and high-quality lined pages — ideal for meetings, journaling, strategic planning, and daily organisation. A timeless corporate gift.",2460,4920,,[],True,True,100,NBK-084,published,0.5,"[""corporate"", ""executive"", ""notebook"", ""stationery""]","[""Black"",""White"",""Red"",""Gray""]",[]
TimberOrb Wooden Keyring,timberorb-wooden-keyring,"A premium customisable keyring crafted with care and precision. An excellent personalised accessory for everyday use — ideal as a thoughtful small corporate gift, event giveaway, or personal keepsake. Fully brandable.",60,120,,[],True,True,100,ACC-268,published,0.5,"[""accessory"", ""corporate"", ""eco"", ""keyring"", ""personalised"", ""sustainable""]",[],[]
Chronos 22197 Desk Clock,chronos-22197-desk-clock,"A premium desk clock designed to bring elegance and precision to any workspace. Crafted with attention to detail — ideal for executive offices, corporate gifts, and professional environments.",999,1998,,[],True,True,100,CLK-086,published,0.5,"[""clock"", ""corporate"", ""desk"", ""office"", ""timepiece""]",[],[]
Orbital Round Crystal Award,orbital-round-crystal-award,"A precision-crafted crystal recognition piece designed to honour outstanding achievement. Clear, substantial, and fully customisable with engraving or logo application — the perfect centrepiece for employee excellence awards, corporate milestones, and distinguished service recognition.",3200,6400,,[],True,True,100,AWD-028,published,0.5,"[""award"", ""corporate"", ""crystal"", ""engraving"", ""recognition"", ""trophy""]",[],[]
TwinMetal Rectangular Keyring,twinmetal-rectangular-keyring,"A premium customisable keyring crafted with care and precision. An excellent personalised accessory for everyday use — ideal as a thoughtful small corporate gift, event giveaway, or personal keepsake. Fully brandable.",120,240,,[],True,True,100,ACC-270,published,0.5,"[""accessory"", ""corporate"", ""keyring"", ""personalised""]",[],[]
BambooForge Classic Combo Ensemble,bambooforge-classic-combo-ensemble,An eco-conscious corporate gift ensemble crafted from sustainable materials. Thoughtfully matched pieces presented in an elegant box — perfect for organisations that value both premium quality and environmental responsibility. Ideal for client gifts and employee recognition.,800,1600,,[],True,True,100,SET-087,published,0.5,"[""corporate"", ""eco"", ""ensemble"", ""gift set"", ""premium"", ""sustainable""]",[],[]
OrbitHalf Rotating Metal Keyring,orbithalf-rotating-metal-keyring,"A premium customisable keyring crafted with care and precision. An excellent personalised accessory for everyday use — ideal as a thoughtful small corporate gift, event giveaway, or personal keepsake. Fully brandable.",150,300,,[],True,True,100,ACC-265,published,0.5,"[""accessory"", ""corporate"", ""keyring"", ""personalised""]",[],[]
TimberSoft Wooden-Base Thermal Flask,timbersoft-wooden-base-thermal-flask,"A premium insulated vessel engineered to maintain ideal temperature for hot or cold beverages. Durable construction and refined styling make it an excellent companion for the office, travel, or outdoor use. Fully brandable for corporate programmes.",1050,2100,,[],True,True,100,FLK-263,published,0.5,"[""corporate"", ""drinkware"", ""flask"", ""insulated"", ""thermal""]","[""RED"", ""BLACK"", ""BLUE"", ""GREEN"", ""GREY"", ""WHITE (limited quantity)""]",[]
HeartForm Gift Box,heartform-gift-box,"A premium laminated carrier bag designed to elevate retail packaging, corporate events, and branded gifting. Sturdy construction and refined finish ensure your presentation makes a lasting first impression. Fully customisable with logo or brand colours.",0,0,,[],True,True,100,BAG-288,published,0.5,"[""bag"", ""carrier bag"", ""corporate"", ""gift bag"", ""packaging""]","[""GOLD"", ""SILVER"", ""WHITE"", ""PINK"", ""RED"", ""BLACK""]",[]
ChromaMagic Colour-Change Mug,chromamagic-colour-change-mug,"A heat-activated colour-change mug that reveals designs when filled with hot liquid. Engaging, memorable, and fully customisable — perfect for corporate promotions and gifts.",250,500,,[],True,True,100,MUG-019,published,0.5,"[""colour-change"", ""corporate"", ""drinkware"", ""mug"", ""promotional""]",[],[]
Elysium E128 Executive Ensemble,elysium-e128-executive-ensemble,"A carefully curated corporate gift ensemble designed for lasting impression. Premium coordinated pieces presented in a refined presentation box — ideal for executive recognition, client appreciation programmes, and milestone celebrations. Fully brandable to reflect your organisation's identity.",900,1800,,[],True,True,100,SET-178,published,0.5,"[""corporate"", ""ensemble"", ""gift set"", ""premium""]","[""Black"",""Blue"",""Gray"",""Green"",""Red""]",[]
FlexBand Executive Notebook,flexband-executive-notebook-1,"A flexible-band executive notebook with premium finish and high-quality lined pages. Secure yet effortless closure — perfect for meetings, journaling, and daily planning. A versatile corporate stationery essential.",380,760,,[],True,True,100,NBK-088,published,0.5,"[""corporate"", ""executive"", ""notebook"", ""stationery""]","[""White"",""Orange"",""Wood"",""Brown"",""Green"",""Grey""]",[]
E59 Signature Pen Ensemble,e59-signature-pen-ensemble,"A carefully curated corporate gift ensemble designed for lasting impression. Premium coordinated pieces presented in a refined presentation box — ideal for executive recognition, client appreciation programmes, and milestone celebrations. Fully brandable to reflect your organisation's identity.",900,1800,,[],True,True,100,SET-089,published,0.5,"[""corporate"", ""ensemble"", ""gift set"", ""pen"", ""premium"", ""stationery""]","[""Gray"",""Blue"",""Red"",""Green"",""Black""]",[]
ChromaLux A5 Carrier Bag,chromalux-a5-carrier-bag,"A premium laminated carrier bag designed to elevate retail packaging, corporate events, and branded gifting. Sturdy construction and refined finish ensure your presentation makes a lasting first impression. Fully customisable with logo or brand colours.",75,150,,[],True,True,100,BAG-024,published,0.5,"[""bag"", ""carrier bag"", ""corporate"", ""packaging""]",[],"[""A5 Portrait Laminated""]"
Lumina Diamond Mug,lumina-diamond-mug,A distinctive diamond-faceted mug designed for presence and practicality. Ideal for desk use and corporate gifting programmes. Fully brandable.,2785,5570,,[],True,True,100,MUG-090,published,0.5,"[""corporate"", ""drinkware"", ""mug""]","[""Red"",""Blue"",""Green"",""Black""]",[]
CrystalTime Desk Organiser Clock,crystaltime-desk-organiser-clock,"An elegant crystal clock desk organiser that combines precise timekeeping with sculptural presence. A premium statement piece for executive desks, conference rooms, and recognition displays.",2800,5600,,[],True,True,100,DEC-022,published,0.5,"[""clock"", ""corporate"", ""crystal"", ""decor"", ""desk"", ""office"", ""organiser""]",[],[]
2 in 1 Laptop Sleeve Executive Accessory,2-in-1-laptop-sleeve-executive-accessory,A premium executive accessory designed to bring elegance and utility to the modern workspace. Crafted with care — ideal for corporate gifting programmes and personal desk organisation.,1500,3000,,[],True,True,100,ACC-092,published,0.5,"[""accessory"", ""corporate"", ""desk""]","[""Blue"",""Black""]",[]
NovaCraft Premium Gift Collection,novacraft-premium-gift-collection,"A carefully curated corporate gift ensemble designed for lasting impression. Premium coordinated pieces presented in a refined presentation box — ideal for executive recognition, client appreciation programmes, and milestone celebrations. Fully brandable to reflect your organisation's identity.",2290,4580,,[],True,True,100,SET-093,published,0.5,"[""corporate"", ""ensemble"", ""gift set"", ""premium""]","[""Black"",""Blue"",""Orange"",""Red"",""Gray"",""White""]",[]
E113 Executive Notebook Ensemble,e113-executive-notebook-ensemble,"A carefully curated corporate gift ensemble designed for lasting impression. Premium coordinated pieces presented in a refined presentation box — ideal for executive recognition, client appreciation programmes, and milestone celebrations. Fully brandable to reflect your organisation's identity.",950,1900,,[],True,True,100,SET-256,published,0.5,"[""corporate"", ""ensemble"", ""gift set"", ""notebook"", ""premium"", ""stationery""]",[],[]
TimberMetal Keyring,timbermetal-keyring,"A premium customisable keyring crafted with care and precision. An excellent personalised accessory for everyday use — ideal as a thoughtful small corporate gift, event giveaway, or personal keepsake. Fully brandable.",120,240,,[],True,True,100,ACC-094,published,0.5,"[""accessory"", ""corporate"", ""eco"", ""keyring"", ""personalised"", ""sustainable""]",[],[]
Argent Silver-Buckle A5 Notebook,argent-silver-buckle-a5-notebook,"An elegant executive notebook with a secure buckle closure. Premium cover finish and high-quality lined pages make it ideal for meetings, journaling, and professional organisation. A polished corporate gift choice.",450,900,,[],True,True,100,NBK-250,published,0.5,"[""corporate"", ""executive"", ""notebook"", ""stationery""]","[""GREY"", ""BROWN"", ""RED"", ""BLACK"", ""BLUE"", ""GREEN""]",[]
Gentleman 02 Hip Flask,gentleman-02-hip-flask,"A classic, sophisticated hip flask crafted from premium materials. Designed with elegance and discretion — the ideal luxury gift for birthdays, anniversaries, corporate milestones, or distinguished personal recognition.",1500,3000,,[],True,True,100,HPF-289,published,0.5,"[""corporate"", ""drinkware"", ""gift"", ""hipflask"", ""luxury""]","[""GREY""]",[]
SisalCraft A3 Buttoned Jute Bag,sisalcraft-a3-buttoned-jute-bag,"An eco-friendly reusable bag crafted from natural materials. Ideal for corporate events, branded gifting, and sustainable retail packaging. Customisable with your logo for a lasting, responsible impression.",650,1300,,[],True,True,100,BAG-033,published,0.5,"[""bag"", ""carrier bag"", ""corporate"", ""eco"", ""packaging"", ""reusable"", ""sustainable""]","[""Black"",""Red"",""Blue"",""Green""]","[""A3""]"
Aurelia Gold-Strip B5 Notebook,aurelia-gold-strip-b5-notebook,"A premium B5 executive notebook accented with a gold strip detail. Elegant finish, secure closure, and high-quality pages — designed for professionals who appreciate refined stationery. Ideal for corporate gifting.",700,1400,,[],True,True,100,NBK-095,published,0.5,"[""corporate"", ""executive"", ""notebook"", ""stationery""]","[""Black"",""Red"",""Brown"",""Grey"",""Blue""]",[]
SleekLine Thermal Tumbler,sleekline-thermal-tumbler,"A premium insulated vessel engineered to maintain ideal temperature for hot or cold beverages. Durable construction and refined styling make it an excellent companion for the office, travel, or outdoor use. Fully brandable for corporate programmes.",850,1700,,[],True,True,100,FLK-096,published,0.5,"[""corporate"", ""drinkware"", ""flask"", ""insulated"", ""thermal"", ""tumbler""]","[""Black"",""White"",""Blue"",""Red"",""Blush Pink""]",[]
SlimTwist Precision Pen,slimtwist-precision-pen,"A high-quality professional writing instrument engineered for smooth, reliable performance. Ideal for corporate branding, daily office use, and client gifting. Available for full customisation with your logo or brand colours.",20,40,,[],True,True,100,PEN-237,published,0.5,"[""branding"", ""corporate"", ""pen"", ""stationery"", ""writing""]","[""RED"", ""BLUE"", ""ORANGE"", ""WHITE"", ""YELLOW"", ""PURPLE"", ""BLACK"", ""PINK"", ""GREEN""]",[]
JutePrint A3 Landscape Bag,juteprint-a3-landscape-bag,"An eco-friendly reusable bag crafted from natural materials. Ideal for corporate events, branded gifting, and sustainable retail packaging. Customisable with your logo for a lasting, responsible impression.",650,1300,,[],True,True,100,BAG-097,published,0.5,"[""bag"", ""carrier bag"", ""corporate"", ""eco"", ""packaging"", ""reusable"", ""sustainable""]","[""Red""]",[]
FrostGuard Water Bottle,frostguard-water-bottle,"A premium insulated vessel engineered to maintain ideal temperature for hot or cold beverages. Durable construction and refined styling make it an excellent companion for the office, travel, or outdoor use. Fully brandable for corporate programmes.",650,1300,,[],True,True,100,FLK-262,published,0.5,"[""bottle"", ""corporate"", ""drinkware"", ""flask"", ""insulated"", ""thermal""]","[""RED"", ""GREY""]",[]
Gentleman 07 Hip Flask,gentleman-07-hip-flask,"A classic, sophisticated hip flask crafted from premium materials. Designed with elegance and discretion — the ideal luxury gift for birthdays, anniversaries, corporate milestones, or distinguished personal recognition.",950,1900,,[],True,True,100,HPF-290,published,0.5,"[""corporate"", ""drinkware"", ""gift"", ""hipflask"", ""luxury""]","[""BROWN""]",[]
UN863 Crest Crystal Award,un863-crest-crystal-award,"A precision-crafted crystal recognition piece designed to honour outstanding achievement. Clear, substantial, and fully customisable with engraving or logo application — the perfect centrepiece for employee excellence awards, corporate milestones, and distinguished service recognition.",3200,6400,,[],True,True,100,AWD-098,published,0.5,"[""award"", ""corporate"", ""crystal"", ""engraving"", ""recognition"", ""trophy""]",[],[]
Code P011 Desk Accessory,code-p011-desk-accessory,A premium desk accessory designed to add refinement to any workspace. Crafted with attention to detail — ideal for corporate gifting or personal desk organisation.,150,300,,[],True,True,100,ACC-099,published,0.5,"[""accessory"", ""corporate"", ""desk""]",[],[]
"TimberPower 10,000mAh Wooden Powerbank",timberpower-10000mah-wooden-powerbank,"A premium eco-conscious powerbank featuring a natural wooden finish and 10,000mAh capacity. Reliable portable power combined with sustainable aesthetics — ideal for corporate tech gifts and professional on-the-go use.",2000,4000,,[],True,True,100,TCH-100,published,0.5,"[""corporate"", ""gadget"", ""portable charger"", ""powerbank"", ""tech""]",[],[]
CanisterBar Wooden Storage Cabinet,canisterbar-wooden-storage-cabinet,"A distinctive wooden storage cabinet inspired by classic industrial design. Crafted for executive offices, hospitality settings, and statement corporate gifts. Substantial presence and refined craftsmanship.",10500,21000,,[],True,True,100,DEC-101,published,0.5,"[""cabinet"", ""corporate"", ""decor"", ""desk"", ""office"", ""organiser"", ""storage""]",[],[]
Orbit Round-Buckle A5 Notebook,orbit-round-buckle-a5-notebook,"An elegant executive notebook with a secure buckle closure. Premium cover finish and high-quality lined pages make it ideal for meetings, journaling, and professional organisation. A polished corporate gift choice.",600,1200,,[],True,True,100,NBK-102,published,0.5,"[""corporate"", ""executive"", ""notebook"", ""stationery""]","[""Black"",""Red"",""Blue"",""Jungle Green"",""Grey"",""Brown""]",[]
Code 005 Professional Pen,code-005-professional-pen,"A high-quality professional writing instrument engineered for smooth, reliable performance. Ideal for corporate branding, daily office use, and client gifting. Available for full customisation with your logo or brand colours.",100,200,,[],True,True,100,PEN-240,published,0.5,"[""branding"", ""corporate"", ""pen"", ""stationery"", ""writing""]","[""BLACK"", ""WHITE"", ""RED""]",[]
FillCraft Shredded Paper,fillcraft-shredded-paper,"Premium shredded paper filler for gift boxes and presentation packaging. Adds volume, protection, and a polished finish to any corporate gift presentation.",250,500,,[],True,True,100,ACC-274,published,0.5,"[""accessory"", ""corporate"", ""filler"", ""packaging""]","[""WHITE""]",[]
KNY-14 Valor Crystal Award,kny-14-valor-crystal-award,"A precision-crafted crystal recognition piece designed to honour outstanding achievement. Clear, substantial, and fully customisable with engraving or logo application — the perfect centrepiece for employee excellence awards, corporate milestones, and distinguished service recognition.",1700,3400,,[],True,True,100,AWD-279,published,0.5,"[""award"", ""corporate"", ""crystal"", ""engraving"", ""recognition"", ""trophy""]",[],[]
E130 Executive Notebook,e130-executive-notebook,"An elegant professional notebook designed for the modern executive. Premium finish, secure closure, and high-quality lined pages — ideal for meetings, journaling, strategic planning, and daily organisation. A timeless corporate gift.",350,700,,[],True,True,100,NBK-249,published,0.5,"[""corporate"", ""executive"", ""notebook"", ""stationery""]","[""RED"", ""GREEN"", ""BLUE"", ""WHITE"", ""BLACK"", ""GREY""]",[]
OrbitFull Rotating Metal Keyring,orbitfull-rotating-metal-keyring,"A premium customisable keyring crafted with care and precision. An excellent personalised accessory for everyday use — ideal as a thoughtful small corporate gift, event giveaway, or personal keepsake. Fully brandable.",150,300,,[],True,True,100,ACC-266,published,0.5,"[""accessory"", ""corporate"", ""keyring"", ""personalised""]",[],[]
SummitKeep 1L Insulated Mug,summitkeep-1l-insulated-mug,"A robust 1-litre insulated mug engineered for all-day temperature retention. Durable and refined — ideal for office, travel, and outdoor use. Fully customisable.",1050,2100,,[],True,True,100,MUG-283,published,0.5,"[""corporate"", ""drinkware"", ""insulated"", ""mug""]","[""GREY""]",[]
Timberline Desk Organiser,timberline-desk-organiser,"A beautifully crafted wooden desk organiser designed to bring warmth and structure to the workspace. Ideal for executive offices, corporate gifts, and stylish home setups.",1500,3000,,[],True,True,100,DEC-023,published,0.5,"[""corporate"", ""decor"", ""desk"", ""office"", ""organiser""]","[""Maplewood Brown""]",[]
Code 001 Professional Pen,code-001-professional-pen,"A high-quality professional writing instrument engineered for smooth, reliable performance. Ideal for corporate branding, daily office use, and client gifting. Available for full customisation with your logo or brand colours.",120,240,,[],True,True,100,PEN-238,published,0.5,"[""branding"", ""corporate"", ""pen"", ""stationery"", ""writing""]","[""BLACK"", ""RED"", ""WHITE"", ""GREEN"", ""BLUE"", ""GREY""]",[]
Alba A3 Laminated Carrier Bag,alba-a3-laminated-carrier-bag,"A premium laminated carrier bag designed to elevate retail packaging, corporate events, and branded gifting. Sturdy construction and refined finish ensure your presentation makes a lasting first impression. Fully customisable with logo or brand colours.",120,240,,[],True,True,100,BAG-284,published,0.5,"[""bag"", ""carrier bag"", ""corporate"", ""packaging""]",[],[]
Code P003 Desk Accessory,code-p003-desk-accessory,A premium desk accessory designed to add refinement to any workspace. Crafted with attention to detail — ideal for corporate gifting or personal desk organisation.,180,360,,[],True,True,100,ACC-275,published,0.5,"[""accessory"", ""corporate"", ""desk""]","[""BLACK"", ""RED"", ""BLUE"", ""GREY"", ""BROWN""]",[]
0134A Precision Crystal Award,0134a-precision-crystal-award,"A precision-crafted crystal recognition piece designed to honour outstanding achievement. Clear, substantial, and fully customisable with engraving or logo application — the perfect centrepiece for employee excellence awards, corporate milestones, and distinguished service recognition.",3200,6400,,[],True,True,100,AWD-280,published,0.5,"[""award"", ""corporate"", ""crystal"", ""engraving"", ""recognition"", ""trophy""]",[],[]
Code 004 Professional Pen,code-004-professional-pen,"A high-quality professional writing instrument engineered for smooth, reliable performance. Ideal for corporate branding, daily office use, and client gifting. Available for full customisation with your logo or brand colours.",20,40,,[],True,True,100,PEN-239,published,0.5,"[""branding"", ""corporate"", ""pen"", ""stationery"", ""writing""]","[""BLUE"", ""SILVER"", ""RED"", ""GOLD"", ""GREEN""]",[]
Americana Style Pen Case,americana-style-pen-case,A refined pen storage case designed to protect and present writing instruments with elegance. Premium materials and thoughtful construction make it a distinguished desk accessory or corporate gift component.,300,600,,[],True,True,100,ACC-276,published,0.5,"[""accessory"", ""corporate"", ""pen case"", ""stationery""]",[],[]
Ironwood Honour Plaque,ironwood-honour-plaque,A distinguished ironwood honour plaque crafted for recognition and milestone celebrations. Substantial presence and fully customisable engraving make it ideal for corporate awards and long-service recognition.,3500,7000,,[],True,True,100,ACC-277,published,0.5,"[""accessory"", ""award"", ""corporate"", ""plaque"", ""recognition""]",[],[]
Elegance Landscape Gift Bag,elegance-landscape-gift-bag,"A premium laminated carrier bag designed to elevate retail packaging, corporate events, and branded gifting. Sturdy construction and refined finish ensure your presentation makes a lasting first impression. Fully customisable with logo or brand colours.",300,600,,[],True,True,100,BAG-287,published,0.5,"[""bag"", ""carrier bag"", ""corporate"", ""gift bag"", ""packaging""]",[],[]
UN865 Arc Crystal Award,un865-arc-crystal-award,"A precision-crafted crystal recognition piece designed to honour outstanding achievement. Clear, substantial, and fully customisable with engraving or logo application — the perfect centrepiece for employee excellence awards, corporate milestones, and distinguished service recognition.",3200,6400,,[],True,True,100,AWD-281,published,0.5,"[""award"", ""corporate"", ""crystal"", ""engraving"", ""recognition"", ""trophy""]","[""SILVER"", ""GOLD""]",[]
ClickPro Office Pen,clickpro-office-pen,"A high-quality professional writing instrument engineered for smooth, reliable performance. Ideal for corporate branding, daily office use, and client gifting. Available for full customisation with your logo or brand colours.",100,200,,[],True,True,100,PEN-243,published,0.5,"[""branding"", ""corporate"", ""pen"", ""stationery"", ""writing""]","[""WHITE"", ""GREY"", ""BLUE"", ""RED"", ""BLACK""]",[]
RibbonLuxe Gift Box,ribbonluxe-gift-box,A premium ribbon-detail gift box designed to elevate any present. Elegant finish and secure construction ensure a stunning first impression. Ideal for corporate gifting programmes.,600,1200,,[],True,True,100,ACC-273,published,0.5,"[""accessory"", ""corporate"", ""gift box"", ""packaging""]","[""BLUE"", ""BLACK"", ""RED""]",[]
Chronos 1685 Desk Clock,chronos-1685-desk-clock,"A premium desk clock designed to bring elegance and precision to any workspace. Crafted with attention to detail — ideal for executive offices, corporate gifts, and professional environments.",2000,4000,,[],True,True,100,CLK-103,published,0.5,"[""clock"", ""corporate"", ""desk"", ""office"", ""timepiece""]",[],[]
CR002 Apex Crystal Award,cr002-apex-crystal-award,"A precision-crafted crystal recognition piece designed to honour outstanding achievement. Clear, substantial, and fully customisable with engraving or logo application — the perfect centrepiece for employee excellence awards, corporate milestones, and distinguished service recognition.",5000,10000,,[],True,True,100,AWD-104,published,0.5,"[""award"", ""corporate"", ""crystal"", ""engraving"", ""recognition"", ""trophy""]",[],[]
UN864 Laurel Crystal Award,un864-laurel-crystal-award,"A precision-crafted crystal recognition piece designed to honour outstanding achievement. Clear, substantial, and fully customisable with engraving or logo application — the perfect centrepiece for employee excellence awards, corporate milestones, and distinguished service recognition.",3200,6400,,[],True,True,100,AWD-029,published,0.5,"[""award"", ""corporate"", ""crystal"", ""engraving"", ""recognition"", ""trophy""]",[],[]
MagLock Buckle Gift Collection,maglock-buckle-gift-collection,"A carefully curated corporate gift ensemble designed for lasting impression. Premium coordinated pieces presented in a refined presentation box — ideal for executive recognition, client appreciation programmes, and milestone celebrations. Fully brandable to reflect your organisation's identity.",2550,5100,,[],True,True,100,SET-105,published,0.5,"[""corporate"", ""ensemble"", ""gift set"", ""premium""]","[""Red"",""Blue"",""Gray""]",[]
Lumina Diamond Gift Ensemble,lumina-diamond-gift-ensemble,"A premium drinkware-focused gift ensemble featuring coordinated thermal pieces. Presented in a sophisticated box, this collection is ideal for executive gifting, client hospitality programmes, and corporate milestone celebrations. Fully customisable.",2700,5400,,[],True,True,100,SET-106,published,0.5,"[""corporate"", ""ensemble"", ""gift set"", ""premium""]","[""Blue"",""Grey"",""Black""]",[]
TimberRect Wooden Keyring,timberrect-wooden-keyring,"A premium customisable keyring crafted with care and precision. An excellent personalised accessory for everyday use — ideal as a thoughtful small corporate gift, event giveaway, or personal keepsake. Fully brandable.",60,120,,[],True,True,100,ACC-269,published,0.5,"[""accessory"", ""corporate"", ""eco"", ""keyring"", ""personalised"", ""sustainable""]",[],[]
Timberline Wooden-Base Collection,timberline-wooden-base-collection-1,"A carefully curated corporate gift ensemble designed for lasting impression. Premium coordinated pieces presented in a refined presentation box — ideal for executive recognition, client appreciation programmes, and milestone celebrations. Fully brandable to reflect your organisation's identity.",2670,5340,,[],True,True,100,SET-107,published,0.5,"[""corporate"", ""ensemble"", ""gift set"", ""premium""]","[""Green"",""Red"",""Black"",""Blue"",""Grey""]",[]
Bamboo Giftets Executive Gift Ensemble,bamboo-giftets-executive-gift-ensemble,An eco-conscious corporate gift ensemble crafted from sustainable materials. Thoughtfully matched pieces presented in an elegant box — perfect for organisations that value both premium quality and environmental responsibility. Ideal for client gifts and employee recognition.,2330,4660,,[],True,True,100,SET-108,published,0.5,"[""corporate"", ""eco"", ""ensemble"", ""gift set"", ""premium"", ""sustainable""]","[""Green"",""Black"",""Blue"",""Red""]",[]
GripTech Rubberised Water Bottle,griptech-rubberised-water-bottle,"A premium insulated vessel engineered to maintain ideal temperature for hot or cold beverages. Durable construction and refined styling make it an excellent companion for the office, travel, or outdoor use. Fully brandable for corporate programmes.",650,1300,,[],True,True,100,FLK-260,published,0.5,"[""bottle"", ""corporate"", ""drinkware"", ""flask"", ""insulated"", ""thermal""]","[""RED"", ""GREEN"", ""BLUE"", ""WHITE"", ""BLACK""]",[]
Timberline Wooden Pen Case,timberline-wooden-pen-case,A refined pen storage case designed to protect and present writing instruments with elegance. Premium materials and thoughtful construction make it a distinguished desk accessory or corporate gift component.,380,760,,[],True,True,100,ACC-109,published,0.5,"[""accessory"", ""corporate"", ""pen case"", ""stationery""]",[],[]
CrystalTime Desk Clock,crystaltime-desk-clock,"A crystalline desk clock that merges timekeeping with sculptural elegance. A premium statement piece for executive desks, conference rooms, and recognition programmes.",1500,3000,,[],True,True,100,CLK-110,published,0.5,"[""clock"", ""corporate"", ""crystal"", ""desk"", ""office"", ""timepiece""]",[],[]
Timberline Wooden-Base Collection,timberline-wooden-base-collection-2,"A carefully curated corporate gift ensemble designed for lasting impression. Premium coordinated pieces presented in a refined presentation box — ideal for executive recognition, client appreciation programmes, and milestone celebrations. Fully brandable to reflect your organisation's identity.",2990,5980,,[],True,True,100,SET-111,published,0.5,"[""corporate"", ""ensemble"", ""gift set"", ""premium""]","[""Red"",""Blue"",""Black"",""Green""]",[]
Bamboo Pen Thermal Flask,bamboo-pen-thermal-flask,"An eco-conscious insulated bottle combining sustainable materials with reliable temperature retention. Ideal for environmentally minded organisations seeking premium, brandable drinkware for staff or clients.",80,160,,[],True,True,100,FLK-264,published,0.5,"[""corporate"", ""drinkware"", ""eco"", ""flask"", ""insulated"", ""sustainable"", ""thermal""]",[],[]
SummitKeep Stanley-Style Mug,summitkeep-stanley-style-mug,"A premium insulated vessel engineered to maintain ideal temperature for hot or cold beverages. Durable construction and refined styling make it an excellent companion for the office, travel, or outdoor use. Fully brandable for corporate programmes.",1200,2400,,[],True,True,100,FLK-112,published,0.5,"[""corporate"", ""drinkware"", ""flask"", ""insulated"", ""mug"", ""thermal""]","[""Black"",""White"",""Ash Grey"",""Latte"",""Baby Blue"",""Mocha"",""Pink""]","[""1.4 Litres""]"
Gentleman 04 Hip Flask,gentleman-04-hip-flask,"A classic, sophisticated hip flask crafted from premium materials. Designed with elegance and discretion — the ideal luxury gift for birthdays, anniversaries, corporate milestones, or distinguished personal recognition.",1200,2400,,[],True,True,100,HPF-036,published,0.5,"[""corporate"", ""drinkware"", ""gift"", ""hipflask"", ""luxury""]","[""Orange""]",[]
NoteCarry Laminated Bag,notecarry-laminated-bag,"A premium laminated carrier bag designed to elevate retail packaging, corporate events, and branded gifting. Sturdy construction and refined finish ensure your presentation makes a lasting first impression. Fully customisable with logo or brand colours.",30,60,,[],True,True,100,BAG-115,published,0.5,"[""bag"", ""carrier bag"", ""corporate"", ""packaging""]","[""Blue"",""Black""]",[]
Code 618-25 Executive Notebook,code-618-25-executive-notebook,"An elegant professional notebook designed for the modern executive. Premium finish, secure closure, and high-quality lined pages — ideal for meetings, journaling, strategic planning, and daily organisation. A timeless corporate gift.",390,780,,[],True,True,100,NBK-248,published,0.5,"[""corporate"", ""executive"", ""notebook"", ""stationery""]","[""RED"", ""GREY"", ""BLUE"", ""BLACK""]",[]
Noir A3 Carrier Bag,noir-a3-carrier-bag,"A premium laminated carrier bag designed to elevate retail packaging, corporate events, and branded gifting. Sturdy construction and refined finish ensure your presentation makes a lasting first impression. Fully customisable with logo or brand colours.",130,260,,[],True,True,100,BAG-117,published,0.5,"[""bag"", ""carrier bag"", ""corporate"", ""packaging""]","[""Black""]",[]
Laptop Sleeve Executive Accessory,laptop-sleeve-executive-accessory,A premium executive accessory designed to bring elegance and utility to the modern workspace. Crafted with care — ideal for corporate gifting programmes and personal desk organisation.,1500,3000,,[],True,True,100,ACC-118,published,0.5,"[""accessory"", ""corporate"", ""desk""]","[""Blue"",""Black""]",[]
Horizon 6802E Wall Clock,horizon-6802e-wall-clock,"A refined wall clock designed to bring presence and punctuality to any space. Premium construction and clean aesthetics — ideal for executive offices, reception areas, and corporate gift programmes.",1200,2400,,[],True,True,100,CLK-119,published,0.5,"[""clock"", ""corporate"", ""desk"", ""office"", ""timepiece"", ""wall clock""]","[""Black"",""White""]",[]
CraftOpen Bottle Opener,craftopen-bottle-opener,"A solid, reliable bottle opener designed for everyday convenience. An excellent small corporate gift or promotional item — fully brandable.",99,198,,[],True,True,100,ACC-120,published,0.5,"[""accessory"", ""corporate"", ""pen case"", ""stationery""]",[],[]
Elegance Portrait Gift Bag,elegance-portrait-gift-bag,"A premium laminated carrier bag designed to elevate retail packaging, corporate events, and branded gifting. Sturdy construction and refined finish ensure your presentation makes a lasting first impression. Fully customisable with logo or brand colours.",300,600,,[],True,True,100,BAG-121,published,0.5,"[""bag"", ""carrier bag"", ""corporate"", ""gift bag"", ""packaging""]",[],"[""H 33cm L 26cm W 17cm""]"
SoftTouch Premium Ensemble 010,softtouch-premium-ensemble-010,"A carefully curated corporate gift ensemble designed for lasting impression. Premium coordinated pieces presented in a refined presentation box — ideal for executive recognition, client appreciation programmes, and milestone celebrations. Fully brandable to reflect your organisation's identity.",2740,5480,,[],True,True,100,SET-122,published,0.5,"[""corporate"", ""ensemble"", ""gift set"", ""premium""]","[""Blue"",""Red"",""Green""]",[]
Alba A5 Laminated Carrier Bag,alba-a5-laminated-carrier-bag,"A premium laminated carrier bag designed to elevate retail packaging, corporate events, and branded gifting. Sturdy construction and refined finish ensure your presentation makes a lasting first impression. Fully customisable with logo or brand colours.",70,140,,[],True,True,100,BAG-026,published,0.5,"[""bag"", ""carrier bag"", ""corporate"", ""packaging""]","[""White""]","[""A5 Portrait Laminated""]"
MixKeep Cocktail Tumbler,mixkeep-cocktail-tumbler,"A premium insulated vessel engineered to maintain ideal temperature for hot or cold beverages. Durable construction and refined styling make it an excellent companion for the office, travel, or outdoor use. Fully brandable for corporate programmes.",690,1380,,[],True,True,100,FLK-123,published,0.5,"[""corporate"", ""drinkware"", ""flask"", ""insulated"", ""thermal"", ""tumbler""]","[""Mint Green"",""Red"",""Pink""]",[]
GridLock Checked Buckle Ensemble,gridlock-checked-buckle-ensemble-1,"A carefully curated corporate gift ensemble designed for lasting impression. Premium coordinated pieces presented in a refined presentation box — ideal for executive recognition, client appreciation programmes, and milestone celebrations. Fully brandable to reflect your organisation's identity.",2550,5100,,[],True,True,100,SET-124,published,0.5,"[""corporate"", ""ensemble"", ""gift set"", ""premium""]","[""Gray"",""Red"",""Black"",""Blue""]",[]
OvalForge Metal Keyring,ovalforge-metal-keyring,"A premium customisable keyring crafted with care and precision. An excellent personalised accessory for everyday use — ideal as a thoughtful small corporate gift, event giveaway, or personal keepsake. Fully brandable.",120,240,,[],True,True,100,ACC-125,published,0.5,"[""accessory"", ""corporate"", ""keyring"", ""personalised""]",[],[]
Baoke Professional Pen,baoke-professional-pen,"A high-quality professional writing instrument engineered for smooth, reliable performance. Ideal for corporate branding, daily office use, and client gifting. Available for full customisation with your logo or brand colours.",55,110,,[],True,True,100,PEN-126,published,0.5,"[""branding"", ""corporate"", ""pen"", ""stationery"", ""writing""]","[""Black""]",[]
NovaCraft Premium Gift Collection,novacraft-premium-gift-collection-1,"A carefully curated corporate gift ensemble designed for lasting impression. Premium coordinated pieces presented in a refined presentation box — ideal for executive recognition, client appreciation programmes, and milestone celebrations. Fully brandable to reflect your organisation's identity.",2685,5370,,[],True,True,100,SET-127,published,0.5,"[""corporate"", ""ensemble"", ""gift set"", ""premium""]","[""Red"",""Blue"",""Black"",""White"",""Grey"",""Green""]",[]
Everyday Tote Bag,everyday-tote-bag,"An eco-friendly reusable bag crafted from natural materials. Ideal for corporate events, branded gifting, and sustainable retail packaging. Customisable with your logo for a lasting, responsible impression.",400,800,,[],True,True,100,BAG-035,published,0.5,"[""bag"", ""carrier bag"", ""corporate"", ""eco"", ""packaging"", ""reusable"", ""sustainable""]","[""White with Cream"",""White with Black""]",[]
BambooForge Classic Combo Ensemble,bambooforge-classic-combo-ensemble-1,An eco-conscious corporate gift ensemble crafted from sustainable materials. Thoughtfully matched pieces presented in an elegant box — perfect for organisations that value both premium quality and environmental responsibility. Ideal for client gifts and employee recognition.,780,1560,,[],True,True,100,SET-129,published,0.5,"[""corporate"", ""eco"", ""ensemble"", ""gift set"", ""premium"", ""sustainable""]","[""Black"",""Grey"",""Green""]",[]
Code 007 Professional Pen,code-007-professional-pen,"A high-quality professional writing instrument engineered for smooth, reliable performance. Ideal for corporate branding, daily office use, and client gifting. Available for full customisation with your logo or brand colours.",85,170,,[],True,True,100,PEN-176,published,0.5,"[""branding"", ""corporate"", ""pen"", ""stationery"", ""writing""]","[""Red"",""Grey"",""Royal Blue"",""Green""]",[]
Code 025 Executive Notebook,code-025-executive-notebook,"An elegant professional notebook designed for the modern executive. Premium finish, secure closure, and high-quality lined pages — ideal for meetings, journaling, strategic planning, and daily organisation. A timeless corporate gift.",390,780,,[],True,True,100,NBK-177,published,0.5,"[""corporate"", ""executive"", ""notebook"", ""stationery""]","[""Cyan"",""Grey"",""Black"",""Red"",""Navy Blue""]",[]
MetalClick Executive Pen,metalclick-executive-pen,"A high-quality professional writing instrument engineered for smooth, reliable performance. Ideal for corporate branding, daily office use, and client gifting. Available for full customisation with your logo or brand colours.",80,160,,[],True,True,100,PEN-179,published,0.5,"[""branding"", ""corporate"", ""metal"", ""pen"", ""stationery"", ""writing""]","[""Blue"",""Green"",""Red"",""Gray"",""Silver""]",[]
KNY-20 Excellence Crystal Award,kny-20-excellence-crystal-award,"A precision-crafted crystal recognition piece designed to honour outstanding achievement. Clear, substantial, and fully customisable with engraving or logo application — the perfect centrepiece for employee excellence awards, corporate milestones, and distinguished service recognition.",4000,8000,,[],True,True,100,AWD-180,published,0.5,"[""award"", ""corporate"", ""crystal"", ""engraving"", ""recognition"", ""trophy""]",[],[]
EcoSide Sustainable Pen Ensemble,ecoside-sustainable-pen-ensemble,An eco-conscious corporate gift ensemble crafted from sustainable materials. Thoughtfully matched pieces presented in an elegant box — perfect for organisations that value both premium quality and environmental responsibility. Ideal for client gifts and employee recognition.,780,1560,,[],True,True,100,SET-254,published,0.5,"[""corporate"", ""eco"", ""ensemble"", ""gift set"", ""pen"", ""premium"", ""stationery"", ""sustainable""]","[""BLUE"", ""GREEN"", ""GREY"", ""BROWN"", ""CORK AND FABRIC""]",[]
Gentleman 03 Hip Flask,gentleman-03-hip-flask,"A classic, sophisticated hip flask crafted from premium materials. Designed with elegance and discretion — the ideal luxury gift for birthdays, anniversaries, corporate milestones, or distinguished personal recognition.",1200,2400,,[],True,True,100,HPF-181,published,0.5,"[""corporate"", ""drinkware"", ""gift"", ""hipflask"", ""luxury""]","[""Blue""]",[]
CanvasGuard Laptop Bag,canvasguard-laptop-bag,"An eco-friendly reusable bag crafted from natural materials. Ideal for corporate events, branded gifting, and sustainable retail packaging. Customisable with your logo for a lasting, responsible impression.",2300,4600,,[],True,True,100,BAG-130,published,0.5,"[""bag"", ""carrier bag"", ""corporate"", ""eco"", ""packaging"", ""reusable"", ""sustainable""]","[""White"",""Black""]",[]
Aurelia Gold-Strip Collection,aurelia-gold-strip-collection,"A carefully curated corporate gift ensemble designed for lasting impression. Premium coordinated pieces presented in a refined presentation box — ideal for executive recognition, client appreciation programmes, and milestone celebrations. Fully brandable to reflect your organisation's identity.",2730,5460,,[],True,True,100,SET-184,published,0.5,"[""corporate"", ""ensemble"", ""gift set"", ""premium""]","[""Dark Blue"",""Gray"",""Black"",""Red""]",[]
Code638 Notebook & Pen Ensemble,code638-notebook-pen-ensemble,"A carefully curated corporate gift ensemble designed for lasting impression. Premium coordinated pieces presented in a refined presentation box — ideal for executive recognition, client appreciation programmes, and milestone celebrations. Fully brandable to reflect your organisation's identity.",900,1800,,[],True,True,100,SET-185,published,0.5,"[""corporate"", ""ensemble"", ""gift set"", ""notebook"", ""pen"", ""premium"", ""stationery""]",[],[]
6080 Monument Crystal Award,6080-monument-crystal-award,"A precision-crafted crystal recognition piece designed to honour outstanding achievement. Clear, substantial, and fully customisable with engraving or logo application — the perfect centrepiece for employee excellence awards, corporate milestones, and distinguished service recognition.",3500,7000,,[],True,True,100,AWD-187,published,0.5,"[""award"", ""corporate"", ""crystal"", ""engraving"", ""recognition"", ""trophy""]",[],[]
Code P005 Desk Accessory,code-p005-desk-accessory,A premium desk accessory designed to add refinement to any workspace. Crafted with attention to detail — ideal for corporate gifting or personal desk organisation.,180,360,,[],True,True,100,ACC-188,published,0.5,"[""accessory"", ""corporate"", ""desk""]","[""Black"",""Red"",""Blue"",""Grey"",""Brown"",""Beige""]",[]
PowerNote Integrated Notebook,powernote-integrated-notebook,A smart executive notebook combining premium writing pages with integrated powerbank functionality. Designed for the modern professional who values both organisation and on-the-go power. An innovative corporate gift that stands out.,3500,7000,,[],True,True,100,NBK-189,published,0.5,"[""corporate"", ""executive"", ""notebook"", ""stationery"", ""tech""]","[""Black"",""Blue"",""Grey"",""Red"",""Orange""]",[]
OrbMetal Round Keyring,orbmetal-round-keyring,"A premium customisable keyring crafted with care and precision. An excellent personalised accessory for everyday use — ideal as a thoughtful small corporate gift, event giveaway, or personal keepsake. Fully brandable.",120,240,,[],True,True,100,ACC-271,published,0.5,"[""accessory"", ""corporate"", ""keyring"", ""personalised""]",[],[]
CR013 Eminence Crystal Award,cr013-eminence-crystal-award,"A precision-crafted crystal recognition piece designed to honour outstanding achievement. Clear, substantial, and fully customisable with engraving or logo application — the perfect centrepiece for employee excellence awards, corporate milestones, and distinguished service recognition.",3500,7000,,[],True,True,100,AWD-190,published,0.5,"[""award"", ""corporate"", ""crystal"", ""engraving"", ""recognition"", ""trophy""]",[],[]
Aurelia Gold-Strip Collection,aurelia-gold-strip-collection-1,"A carefully curated corporate gift ensemble designed for lasting impression. Premium coordinated pieces presented in a refined presentation box — ideal for executive recognition, client appreciation programmes, and milestone celebrations. Fully brandable to reflect your organisation's identity.",900,1800,,[],True,True,100,SET-191,published,0.5,"[""corporate"", ""ensemble"", ""gift set"", ""premium""]","[""Blue"",""Grey"",""Red"",""Brown""]",[]
CORCK BOTTOM Executive Gift Ensemble,corck-bottom-executive-gift-ensemble,"A carefully curated corporate gift ensemble designed for lasting impression. Premium coordinated pieces presented in a refined presentation box — ideal for executive recognition, client appreciation programmes, and milestone celebrations. Fully brandable to reflect your organisation's identity.",2590,5180,,[],True,True,100,SET-192,published,0.5,"[""corporate"", ""ensemble"", ""gift set"", ""premium""]","[""Orange"",""Black"",""Red"",""Gray"",""Green""]",[]
AfriCrest Crystal Award,africrest-crystal-award,"A precision-crafted crystal recognition piece designed to honour outstanding achievement. Clear, substantial, and fully customisable with engraving or logo application — the perfect centrepiece for employee excellence awards, corporate milestones, and distinguished service recognition.",4500,9000,,[],True,True,100,AWD-193,published,0.5,"[""award"", ""corporate"", ""crystal"", ""engraving"", ""recognition"", ""trophy""]",[],[]
WaveForm Premium Gift Collection,waveform-premium-gift-collection,"A carefully curated corporate gift ensemble designed for lasting impression. Premium coordinated pieces presented in a refined presentation box — ideal for executive recognition, client appreciation programmes, and milestone celebrations. Fully brandable to reflect your organisation's identity.",2600,5200,,[],True,True,100,SET-194,published,0.5,"[""corporate"", ""ensemble"", ""gift set"", ""premium""]","[""Red"",""Blue"",""Gray"",""Brown""]",[]
Lumina Diamond Gift Ensemble,lumina-diamond-gift-ensemble-1,"A premium drinkware-focused gift ensemble featuring coordinated thermal pieces. Presented in a sophisticated box, this collection is ideal for executive gifting, client hospitality programmes, and corporate milestone celebrations. Fully customisable.",2700,5400,,[],True,True,100,SET-195,published,0.5,"[""corporate"", ""ensemble"", ""gift set"", ""premium""]","[""Red"",""Blue"",""Black"",""Grey"",""Green""]",[]
JavaForge Contemporary Mug,javaforge-contemporary-mug,A contemporary insulated mug designed for daily coffee and tea rituals. Comfortable handle and secure lid — perfect for desk use and corporate branding.,830,1660,,[],True,True,100,MUG-196,published,0.5,"[""corporate"", ""drinkware"", ""mug""]","[""Turquoise"",""Red"",""Black"",""Navy Blue"",""Royal Blue"",""Jungle Green""]",[]
EcoSide Sustainable Pen Ensemble,ecoside-sustainable-pen-ensemble-1,An eco-conscious corporate gift ensemble crafted from sustainable materials. Thoughtfully matched pieces presented in an elegant box — perfect for organisations that value both premium quality and environmental responsibility. Ideal for client gifts and employee recognition.,780,1560,,[],True,True,100,SET-197,published,0.5,"[""corporate"", ""eco"", ""ensemble"", ""gift set"", ""pen"", ""premium"", ""stationery"", ""sustainable""]","[""Black"",""White"",""Green"",""Red"",""Brown"",""Grey"",""Orange""]",[]
KNY-10 Horizon Crystal Award,kny-10-horizon-crystal-award,"A precision-crafted crystal recognition piece designed to honour outstanding achievement. Clear, substantial, and fully customisable with engraving or logo application — the perfect centrepiece for employee excellence awards, corporate milestones, and distinguished service recognition.",3500,7000,,[],True,True,100,AWD-198,published,0.5,"[""award"", ""corporate"", ""crystal"", ""engraving"", ""recognition"", ""trophy""]",[],[]
U-Buckle B5 Executive Notebook,u-buckle-b5-executive-notebook,"An elegant executive notebook with a secure buckle closure. Premium cover finish and high-quality lined pages make it ideal for meetings, journaling, and professional organisation. A polished corporate gift choice.",750,1500,,[],True,True,100,NBK-199,published,0.5,"[""corporate"", ""executive"", ""notebook"", ""stationery""]","[""Red""]",[]
TwinPeak Dual-Flask Collection,twinpeak-dual-flask-collection-1,"A premium drinkware-focused gift ensemble featuring coordinated thermal pieces. Presented in a sophisticated box, this collection is ideal for executive gifting, client hospitality programmes, and corporate milestone celebrations. Fully customisable.",2470,4940,,[],True,True,100,SET-200,published,0.5,"[""corporate"", ""drinkware"", ""ensemble"", ""flask"", ""gift set"", ""premium""]","[""Grey"",""Black"",""White"",""Red"",""Blue""]",[]
E59 Executive Notebook,e59-executive-notebook,"An elegant professional notebook designed for the modern executive. Premium finish, secure closure, and high-quality lined pages — ideal for meetings, journaling, strategic planning, and daily organisation. A timeless corporate gift.",450,900,,[],True,True,100,NBK-201,published,0.5,"[""corporate"", ""executive"", ""notebook"", ""stationery""]","[""Gray"",""Red"",""Blue"",""Black""]",[]
Executive Cardholder,executive-cardholder,"A slim, refined cardholder designed for the modern professional. Premium materials and precise construction — perfect as a corporate gift or everyday desk essential. Available for branding.",250,500,,[],True,True,100,ACC-202,published,0.5,"[""accessory"", ""cardholder"", ""corporate"", ""wallet""]","[""Red"",""Blue"",""Black""]",[]
UN868 Prestige Crystal Award,un868-prestige-crystal-award,"A precision-crafted crystal recognition piece designed to honour outstanding achievement. Clear, substantial, and fully customisable with engraving or logo application — the perfect centrepiece for employee excellence awards, corporate milestones, and distinguished service recognition.",4000,8000,,[],True,True,100,AWD-203,published,0.5,"[""award"", ""corporate"", ""crystal"", ""engraving"", ""recognition"", ""trophy""]",[],[]
E105 Executive Notebook,e105-executive-notebook,"An elegant professional notebook designed for the modern executive. Premium finish, secure closure, and high-quality lined pages — ideal for meetings, journaling, strategic planning, and daily organisation. A timeless corporate gift.",550,1100,,[],True,True,100,NBK-204,published,0.5,"[""corporate"", ""executive"", ""notebook"", ""stationery""]","[""Black"",""Green"",""Blue"",""Red"",""Grey""]",[]
Code 013 Professional Pen,code-013-professional-pen,"A high-quality professional writing instrument engineered for smooth, reliable performance. Ideal for corporate branding, daily office use, and client gifting. Available for full customisation with your logo or brand colours.",150,300,,[],True,True,100,PEN-205,published,0.5,"[""branding"", ""corporate"", ""pen"", ""stationery"", ""writing""]","[""Red""]",[]
BambooForge Executive Notebook,bambooforge-executive-notebook-1,"An eco-conscious executive notebook crafted for professionals who value sustainability. Premium pages, durable cover, and refined finish — ideal for meetings, journaling, and daily planning. A thoughtful corporate gift that reflects environmental responsibility.",400,800,,[],True,True,100,NBK-206,published,0.5,"[""corporate"", ""eco"", ""executive"", ""notebook"", ""stationery"", ""sustainable""]","[""Black"",""Green"",""Blue"",""Red"",""Brown""]",[]
NovaCraft Premium Gift Collection,novacraft-premium-gift-collection-2,"A carefully curated corporate gift ensemble designed for lasting impression. Premium coordinated pieces presented in a refined presentation box — ideal for executive recognition, client appreciation programmes, and milestone celebrations. Fully brandable to reflect your organisation's identity.",2390,4780,,[],True,True,100,SET-207,published,0.5,"[""corporate"", ""ensemble"", ""gift set"", ""premium""]","[""Orange"",""Red"",""Blue"",""Grey"",""Black""]",[]
TwinPeak Dual-Flask Collection,twinpeak-dual-flask-collection-2,"A carefully curated corporate gift ensemble designed for lasting impression. Premium coordinated pieces presented in a refined presentation box — ideal for executive recognition, client appreciation programmes, and milestone celebrations. Fully brandable to reflect your organisation's identity.",2280,4560,,[],True,True,100,SET-258,published,0.5,"[""corporate"", ""drinkware"", ""ensemble"", ""flask"", ""gift set"", ""premium""]","[""RED"", ""GREY""]",[]
CR023 Sovereign Crystal Award,cr023-sovereign-crystal-award,"A precision-crafted crystal recognition piece designed to honour outstanding achievement. Clear, substantial, and fully customisable with engraving or logo application — the perfect centrepiece for employee excellence awards, corporate milestones, and distinguished service recognition.",4900,9800,,[],True,True,100,AWD-208,published,0.5,"[""award"", ""corporate"", ""crystal"", ""engraving"", ""recognition"", ""trophy""]",[],[]
Noir A4 Carrier Bag,noir-a4-carrier-bag,"A premium laminated carrier bag designed to elevate retail packaging, corporate events, and branded gifting. Sturdy construction and refined finish ensure your presentation makes a lasting first impression. Fully customisable with logo or brand colours.",130,260,,[],True,True,100,BAG-209,published,0.5,"[""bag"", ""carrier bag"", ""corporate"", ""packaging""]",[],"[""H 31cm L 27cm W 11cm""]"
SummitKeep Replacement Straw,summitkeep-replacement-straw,A premium replacement straw designed for compatibility with insulated mugs and tumblers. Practical accessory for corporate drinkware programmes.,200,400,,[],True,True,100,ACC-210,published,0.5,"[""accessory"", ""corporate"", ""drinkware"", ""straw""]",[],[]
CanvasRibbon A3 Landscape Jute Bag,canvasribbon-a3-landscape-jute-bag,"An eco-friendly reusable bag crafted from natural materials. Ideal for corporate events, branded gifting, and sustainable retail packaging. Customisable with your logo for a lasting, responsible impression.",650,1300,,[],True,True,100,BAG-034,published,0.5,"[""bag"", ""carrier bag"", ""corporate"", ""eco"", ""packaging"", ""reusable"", ""sustainable""]","[""Blue"",""Red"",""Green"",""Black""]","[""A3 Landscape""]"
Aurelia Gold-Strip Collection,aurelia-gold-strip-collection-2,"A carefully curated corporate gift ensemble designed for lasting impression. Premium coordinated pieces presented in a refined presentation box — ideal for executive recognition, client appreciation programmes, and milestone celebrations. Fully brandable to reflect your organisation's identity.",2600,5200,,[],True,True,100,SET-211,published,0.5,"[""corporate"", ""ensemble"", ""gift set"", ""premium""]","[""Red"",""Green"",""Blue"",""Gray""]",[]
Gentleman 05 Hip Flask,gentleman-05-hip-flask,"A classic, sophisticated hip flask crafted from premium materials. Designed with elegance and discretion — the ideal luxury gift for birthdays, anniversaries, corporate milestones, or distinguished personal recognition.",1200,2400,,[],True,True,100,HPF-212,published,0.5,"[""corporate"", ""drinkware"", ""gift"", ""hipflask"", ""luxury""]","[""Black""]",[]
SummitKeep 1.4L Insulated Mug,summitkeep-14l-insulated-mug,"A premium insulated vessel engineered to maintain ideal temperature for hot or cold beverages. Durable construction and refined styling make it an excellent companion for the office, travel, or outdoor use. Fully brandable for corporate programmes.",1200,2400,,[],True,True,100,FLK-213,published,0.5,"[""corporate"", ""drinkware"", ""flask"", ""insulated"", ""mug"", ""thermal""]","[""Black"",""White"",""Pink"",""Ash Grey"",""Mocka"",""Baby Blue""]","[""1.4L""]"
NovaCraft Thermal Flask,novacraft-thermal-flask,"A premium insulated vessel engineered to maintain ideal temperature for hot or cold beverages. Durable construction and refined styling make it an excellent companion for the office, travel, or outdoor use. Fully brandable for corporate programmes.",850,1700,,[],True,True,100,FLK-214,published,0.5,"[""corporate"", ""drinkware"", ""flask"", ""insulated"", ""thermal""]","[""Red"",""Blue"",""Orange"",""Grey"",""White"",""Turquoise""]",[]
LidLuxe Presentation Box,lidluxe-presentation-box,A premium lidded presentation box designed to elevate any gift. Refined finish and secure closure ensure your presentation makes a lasting impression. Ideal for corporate gifting programmes.,600,1200,,[],True,True,100,BOX-216,published,0.5,"[""corporate"", ""gift box"", ""packaging"", ""presentation""]","[""White"",""Black"",""Red"",""Grey/Silver"",""Gold""]","[""L=33cm W=24cm H=12cm""]"
Timberline Wooden-Base Collection,timberline-wooden-base-collection-3,"A carefully curated corporate gift ensemble designed for lasting impression. Premium coordinated pieces presented in a refined presentation box — ideal for executive recognition, client appreciation programmes, and milestone celebrations. Fully brandable to reflect your organisation's identity.",2490,4980,,[],True,True,100,SET-217,published,0.5,"[""corporate"", ""ensemble"", ""gift set"", ""premium""]","[""White"",""Red"",""Blue"",""Green"",""Grey""]",[]
SportFlow Water Bottle,sportflow-water-bottle,"A premium insulated vessel engineered to maintain ideal temperature for hot or cold beverages. Durable construction and refined styling make it an excellent companion for the office, travel, or outdoor use. Fully brandable for corporate programmes.",490,980,,[],True,True,100,BOT-218,published,0.5,"[""bottle"", ""corporate"", ""drinkware"", ""flask"", ""insulated"", ""thermal""]","[""Black"",""White"",""Red"",""Pink""]",[]
E30 Notebook & Pen Ensemble,e30-notebook-pen-ensemble,"A carefully curated corporate gift ensemble designed for lasting impression. Premium coordinated pieces presented in a refined presentation box — ideal for executive recognition, client appreciation programmes, and milestone celebrations. Fully brandable to reflect your organisation's identity.",950,1900,,[],True,True,100,SET-219,published,0.5,"[""corporate"", ""ensemble"", ""gift set"", ""notebook"", ""pen"", ""premium"", ""stationery""]","[""Black"",""Blue"",""Jungle Green""]",[]
Chronos 22569 Desk Clock,chronos-22569-desk-clock,"A premium desk clock designed to bring elegance and precision to any workspace. Crafted with attention to detail — ideal for executive offices, corporate gifts, and professional environments.",2000,4000,,[],True,True,100,CLK-220,published,0.5,"[""clock"", ""corporate"", ""desk"", ""office"", ""timepiece""]",[],[]
TallLine Thermal Flask,tallline-thermal-flask,"A premium insulated vessel engineered to maintain ideal temperature for hot or cold beverages. Durable construction and refined styling make it an excellent companion for the office, travel, or outdoor use. Fully brandable for corporate programmes.",800,1600,,[],True,True,100,FLK-221,published,0.5,"[""corporate"", ""drinkware"", ""flask"", ""insulated"", ""thermal""]","[""Orange""]",[]
WaveForm Premium Gift Collection,waveform-premium-gift-collection-1,"A carefully curated corporate gift ensemble designed for lasting impression. Premium coordinated pieces presented in a refined presentation box — ideal for executive recognition, client appreciation programmes, and milestone celebrations. Fully brandable to reflect your organisation's identity.",900,1800,,[],True,True,100,SET-222,published,0.5,"[""corporate"", ""ensemble"", ""gift set"", ""premium""]","[""Blue"",""Gray"",""Red"",""Brown""]",[]
Cascade Stairs Gift Box,cascade-stairs-gift-box,A distinctive multi-level gift box designed for impactful presentation. Available in multiple sizes — perfect for layered corporate gifts and special occasions.,700,1400,,[],True,True,100,BOX-131,published,0.5,"[""corporate"", ""gift box"", ""packaging"", ""presentation""]","[""Silver"",""Gold"",""Black"",""White""]","[""Size 1"",""Size 2"",""Size 3""]"
ChronoSmart Desk Clock,chronosmart-desk-clock,A modern smart-enabled desk clock combining precise timekeeping with contemporary design. A statement piece for executive desks and a distinguished corporate gift.,1800,3600,,[],True,True,100,CLK-132,published,0.5,"[""clock"", ""corporate"", ""desk"", ""office"", ""smart"", ""timepiece""]",[],[]
Lumina Diamond Collection 003,lumina-diamond-collection-003,"A carefully curated corporate gift ensemble designed for lasting impression. Premium coordinated pieces presented in a refined presentation box — ideal for executive recognition, client appreciation programmes, and milestone celebrations. Fully brandable to reflect your organisation's identity.",2600,5200,,[],True,True,100,SET-133,published,0.5,"[""corporate"", ""ensemble"", ""gift set"", ""premium""]","[""Red"",""Green"",""Blue"",""Gray""]",[]
Orbit Round-Buckle Gift Collection,orbit-round-buckle-gift-collection-1,"A carefully curated corporate gift ensemble designed for lasting impression. Premium coordinated pieces presented in a refined presentation box — ideal for executive recognition, client appreciation programmes, and milestone celebrations. Fully brandable to reflect your organisation's identity.",2505,5010,,[],True,True,100,SET-134,published,0.5,"[""corporate"", ""ensemble"", ""gift set"", ""premium""]","[""Black"",""Red"",""Green"",""Blue"",""Grey""]",[]
CaféStyle Insulated Mug,caféstyle-insulated-mug,A café-inspired insulated mug designed for comfort and style. Ideal for desk use and branded corporate gifting programmes.,800,1600,,[],True,True,100,MUG-135,published,0.5,"[""corporate"", ""drinkware"", ""insulated"", ""mug""]","[""Pink""]",[]
Chronos 22395 Desk Clock,chronos-22395-desk-clock,"A premium desk clock designed to bring elegance and precision to any workspace. Crafted with attention to detail — ideal for executive offices, corporate gifts, and professional environments.",2000,4000,,[],True,True,100,CLK-136,published,0.5,"[""clock"", ""corporate"", ""desk"", ""office"", ""timepiece""]",[],[]
DeskGuard Coaster Set,deskguard-coaster-set,"A premium coaster collection designed to protect surfaces while adding a touch of refinement. Ideal for corporate hospitality, desk sets, and branded gifting programmes.",180,360,,[],True,True,100,ACC-137,published,0.5,"[""accessory"", ""coaster"", ""corporate"", ""desk""]",[],"[""Round"",""Toothed"",""Square""]"
Horizon 22199 Wall Clock,horizon-22199-wall-clock,"A refined wall clock designed to bring presence and punctuality to any space. Premium construction and clean aesthetics — ideal for executive offices, reception areas, and corporate gift programmes.",1200,2400,,[],True,True,100,CLK-138,published,0.5,"[""clock"", ""corporate"", ""desk"", ""office"", ""timepiece"", ""wall clock""]","[""Silver"",""Black""]",[]
KNY-17 Summit Crystal Award,kny-17-summit-crystal-award,"A precision-crafted crystal recognition piece designed to honour outstanding achievement. Clear, substantial, and fully customisable with engraving or logo application — the perfect centrepiece for employee excellence awards, corporate milestones, and distinguished service recognition.",4100,8200,,[],True,True,100,AWD-139,published,0.5,"[""award"", ""corporate"", ""crystal"", ""engraving"", ""recognition"", ""trophy""]",[],[]
GripTech Rubberised Water Bottle,griptech-rubberised-water-bottle-1,"A premium insulated vessel engineered to maintain ideal temperature for hot or cold beverages. Durable construction and refined styling make it an excellent companion for the office, travel, or outdoor use. Fully brandable for corporate programmes.",500,1000,,[],True,True,100,BOT-140,published,0.5,"[""bottle"", ""corporate"", ""drinkware"", ""flask"", ""insulated"", ""thermal""]","[""Black"",""White"",""Red""]",[]
KNY-25 Pinnacle Crystal Award,kny-25-pinnacle-crystal-award,"A precision-crafted crystal recognition piece designed to honour outstanding achievement. Clear, substantial, and fully customisable with engraving or logo application — the perfect centrepiece for employee excellence awards, corporate milestones, and distinguished service recognition.",3800,7600,,[],True,True,100,AWD-142,published,0.5,"[""award"", ""corporate"", ""crystal"", ""engraving"", ""recognition"", ""trophy""]",[],[]
WB271 Clarity Crystal Award,wb271-clarity-crystal-award,"A precision-crafted crystal recognition piece designed to honour outstanding achievement. Clear, substantial, and fully customisable with engraving or logo application — the perfect centrepiece for employee excellence awards, corporate milestones, and distinguished service recognition.",2800,5600,,[],True,True,100,AWD-143,published,0.5,"[""award"", ""corporate"", ""crystal"", ""engraving"", ""recognition"", ""trophy""]",[],[]
Summit Climber Crystal Award,summit-climber-crystal-award,"A precision-crafted crystal recognition piece designed to honour outstanding achievement. Clear, substantial, and fully customisable with engraving or logo application — the perfect centrepiece for employee excellence awards, corporate milestones, and distinguished service recognition.",5800,11600,,[],True,True,100,AWD-144,published,0.5,"[""award"", ""corporate"", ""crystal"", ""engraving"", ""recognition"", ""trophy""]",[],[]
Vista Visibility Pack Ensemble,vista-visibility-pack-ensemble,"A carefully curated corporate gift ensemble designed for lasting impression. Premium coordinated pieces presented in a refined presentation box — ideal for executive recognition, client appreciation programmes, and milestone celebrations. Fully brandable to reflect your organisation's identity.",2280,4560,,[],True,True,100,SET-145,published,0.5,"[""corporate"", ""ensemble"", ""gift set"", ""premium""]",[],[]
ClearVue Acrylic Pen Case,clearvue-acrylic-pen-case,A refined pen storage case designed to protect and present writing instruments with elegance. Premium materials and thoughtful construction make it a distinguished desk accessory or corporate gift component.,100,200,,[],True,True,100,ACC-146,published,0.5,"[""accessory"", ""corporate"", ""pen case"", ""stationery""]",[],[]
CeramicForge Classic Mug,ceramicforge-classic-mug,A classic ceramic mug designed for everyday desk use. Clean lines and reliable performance — perfect for corporate branding and gifts.,160,320,,[],True,True,100,MUG-147,published,0.5,"[""ceramic"", ""corporate"", ""drinkware"", ""mug""]","[""White""]",[]
BobaKeep Thermal Flask,bobakeep-thermal-flask,"A premium insulated vessel engineered to maintain ideal temperature for hot or cold beverages. Durable construction and refined styling make it an excellent companion for the office, travel, or outdoor use. Fully brandable for corporate programmes.",800,1600,,[],True,True,100,FLK-148,published,0.5,"[""corporate"", ""drinkware"", ""flask"", ""insulated"", ""thermal""]","[""Blue""]",[]
Code P004 Desk Accessory,code-p004-desk-accessory,A premium desk accessory designed to add refinement to any workspace. Crafted with attention to detail — ideal for corporate gifting or personal desk organisation.,150,300,,[],True,True,100,ACC-149,published,0.5,"[""accessory"", ""corporate"", ""desk""]","[""Black"",""Red"",""Blue"",""Brown""]",[]
WaveForm A5 Executive Notebook,waveform-a5-executive-notebook,"An elegant A5 executive notebook featuring a distinctive wave-inspired design. Premium finish, secure closure, and quality lined pages — ideal for professional meetings and daily organisation. A refined corporate gift.",450,900,,[],True,True,100,NBK-150,published,0.5,"[""corporate"", ""executive"", ""notebook"", ""stationery""]","[""Blue"",""Brown"",""Red"",""Grey""]",[]
LongNeck 800ml Thermal Flask,longneck-800ml-thermal-flask,"A premium insulated vessel engineered to maintain ideal temperature for hot or cold beverages. Durable construction and refined styling make it an excellent companion for the office, travel, or outdoor use. Fully brandable for corporate programmes.",1000,2000,,[],True,True,100,FLK-151,published,0.5,"[""corporate"", ""drinkware"", ""flask"", ""insulated"", ""thermal""]","[""Red"",""Black"",""White""]","[""800ml""]"
Code P008 Desk Accessory,code-p008-desk-accessory,A premium desk accessory designed to add refinement to any workspace. Crafted with attention to detail — ideal for corporate gifting or personal desk organisation.,150,300,,[],True,True,100,ACC-152,published,0.5,"[""accessory"", ""corporate"", ""desk""]",[],[]
Code P006 Desk Accessory,code-p006-desk-accessory,A premium desk accessory designed to add refinement to any workspace. Crafted with attention to detail — ideal for corporate gifting or personal desk organisation.,180,360,,[],True,True,100,ACC-153,published,0.5,"[""accessory"", ""corporate"", ""desk""]","[""Black"",""Red"",""Blue"",""Grey"",""Brown""]",[]
AlbaLux A4 Carrier Bag,albalux-a4-carrier-bag,"A premium laminated carrier bag designed to elevate retail packaging, corporate events, and branded gifting. Sturdy construction and refined finish ensure your presentation makes a lasting first impression. Fully customisable with logo or brand colours.",110,220,,[],True,True,100,BAG-154,published,0.5,"[""bag"", ""carrier bag"", ""corporate"", ""packaging""]","[""White""]","[""H 25cm L 30cm W 12cm""]"
Gentleman 01 Hip Flask,gentleman-01-hip-flask,"A classic, sophisticated hip flask crafted from premium materials. Designed with elegance and discretion — the ideal luxury gift for birthdays, anniversaries, corporate milestones, or distinguished personal recognition.",1500,3000,,[],True,True,100,HPF-155,published,0.5,"[""corporate"", ""drinkware"", ""gift"", ""hipflask"", ""luxury""]","[""Beige""]",[]
Timberline Wooden-Base Collection,timberline-wooden-base-collection-4,"A carefully curated corporate gift ensemble designed for lasting impression. Premium coordinated pieces presented in a refined presentation box — ideal for executive recognition, client appreciation programmes, and milestone celebrations. Fully brandable to reflect your organisation's identity.",2490,4980,,[],True,True,100,SET-157,published,0.5,"[""corporate"", ""ensemble"", ""gift set"", ""premium""]","[""Black"",""Red"",""Blue"",""Green""]",[]
MagTag Rectangular Name Badge,magtag-rectangular-name-badge,"A professional magnetic name tag designed for events, conferences, and corporate identity. Secure, reusable, and fully customisable with logo or individual names.",100,200,,[],True,True,100,ACC-031,published,0.5,"[""accessory"", ""corporate"", ""desk""]",[],[]
Code 698 Executive Notebook,code-698-executive-notebook,"An elegant professional notebook designed for the modern executive. Premium finish, secure closure, and high-quality lined pages — ideal for meetings, journaling, strategic planning, and daily organisation. A timeless corporate gift.",395,790,,[],True,True,100,NBK-158,published,0.5,"[""corporate"", ""executive"", ""notebook"", ""stationery""]","[""Black"",""Red"",""Green"",""Blue"",""Grey""]",[]
MetalForge Executive Pen,metalforge-executive-pen,"A high-quality professional writing instrument engineered for smooth, reliable performance. Ideal for corporate branding, daily office use, and client gifting. Available for full customisation with your logo or brand colours.",100,200,,[],True,True,100,PEN-159,published,0.5,"[""branding"", ""corporate"", ""metal"", ""pen"", ""stationery"", ""writing""]","[""Blue"",""Red"",""Gold"",""Silver"",""Orange"",""Green""]",[]
AlumForge Water Bottle,alumforge-water-bottle,"A premium insulated vessel engineered to maintain ideal temperature for hot or cold beverages. Durable construction and refined styling make it an excellent companion for the office, travel, or outdoor use. Fully brandable for corporate programmes.",490,980,,[],True,True,100,BOT-160,published,0.5,"[""bottle"", ""corporate"", ""drinkware"", ""flask"", ""insulated"", ""thermal""]","[""Red""]",[]
ArmStand Desk Clock,armstand-desk-clock,An elegant arm-stand desk clock designed for presence and precision. Ideal for executive workspaces and corporate recognition gifts.,600,1200,,[],True,True,100,CLK-161,published,0.5,"[""clock"", ""corporate"", ""desk"", ""office"", ""timepiece""]",[],[]
JavaClassic Heritage Mug,javaclassic-heritage-mug,A classic insulated mug with timeless styling. Reliable temperature retention and comfortable handling — ideal for everyday office use and corporate gifts.,800,1600,,[],True,True,100,MUG-163,published,0.5,"[""corporate"", ""drinkware"", ""mug""]","[""Black"",""White"",""Blue"",""Green"",""Turquoise"",""Red""]",[]
KNY-18 Distinction Crystal Award,kny-18-distinction-crystal-award,"A precision-crafted crystal recognition piece designed to honour outstanding achievement. Clear, substantial, and fully customisable with engraving or logo application — the perfect centrepiece for employee excellence awards, corporate milestones, and distinguished service recognition.",3500,7000,,[],True,True,100,AWD-164,published,0.5,"[""award"", ""corporate"", ""crystal"", ""engraving"", ""recognition"", ""trophy""]",[],[]
Chronos 22914 Desk Clock,chronos-22914-desk-clock,"A premium desk clock designed to bring elegance and precision to any workspace. Crafted with attention to detail — ideal for executive offices, corporate gifts, and professional environments.",1350,2700,,[],True,True,100,CLK-165,published,0.5,"[""clock"", ""corporate"", ""desk"", ""office"", ""timepiece""]","[""Brown"",""Gold""]",[]
SportFlow Water Bottle,sportflow-water-bottle-1,"A premium insulated vessel engineered to maintain ideal temperature for hot or cold beverages. Durable construction and refined styling make it an excellent companion for the office, travel, or outdoor use. Fully brandable for corporate programmes.",490,980,,[],True,True,100,BOT-166,published,0.5,"[""bottle"", ""corporate"", ""drinkware"", ""flask"", ""insulated"", ""thermal""]","[""Black"",""White"",""Red"",""Pink""]",[]
Aurelia Gold-Strip Collection,aurelia-gold-strip-collection-3,"A carefully curated corporate gift ensemble designed for lasting impression. Premium coordinated pieces presented in a refined presentation box — ideal for executive recognition, client appreciation programmes, and milestone celebrations. Fully brandable to reflect your organisation's identity.",2730,5460,,[],True,True,100,SET-167,published,0.5,"[""corporate"", ""ensemble"", ""gift set"", ""premium""]","[""Blue"",""Grey"",""Black"",""Red""]",[]
Timberline Eco Executive Notebook,timberline-eco-executive-notebook-1,"An eco-conscious executive notebook crafted for professionals who value sustainability. Premium pages, durable cover, and refined finish — ideal for meetings, journaling, and daily planning. A thoughtful corporate gift that reflects environmental responsibility.",400,800,,[],True,True,100,NBK-169,published,0.5,"[""corporate"", ""eco"", ""executive"", ""notebook"", ""stationery"", ""sustainable""]","[""White"",""Black"",""Grey"",""Brown"",""Green"",""Orange""]","[""A5""]"
DualRing Rubber-Grip Executive Pen,dualring-rubber-grip-executive-pen-1,"A high-quality professional writing instrument engineered for smooth, reliable performance. Ideal for corporate branding, daily office use, and client gifting. Available for full customisation with your logo or brand colours.",100,200,,[],True,True,100,PEN-170,published,0.5,"[""branding"", ""corporate"", ""pen"", ""stationery"", ""writing""]","[""Gold"",""Red"",""Navy Blue"",""Royal Blue"",""Black"",""White""]",[]
SummitKeep Replacement Straw,summitkeep-replacement-straw-1,A premium replacement straw designed for compatibility with insulated mugs and tumblers. Practical accessory for corporate drinkware programmes.,200,400,,[],True,True,100,ACC-171,published,0.5,"[""accessory"", ""corporate"", ""drinkware"", ""straw""]",[],[]
ClickLine Plastic Pen,clickline-plastic-pen,"A high-quality professional writing instrument engineered for smooth, reliable performance. Ideal for corporate branding, daily office use, and client gifting. Available for full customisation with your logo or brand colours.",20,40,,[],True,True,100,PEN-172,published,0.5,"[""branding"", ""corporate"", ""pen"", ""stationery"", ""writing""]","[""Blue"",""Red"",""Black"",""White"",""Green""]",[]
EcoSip Sustainable Cup,ecosip-sustainable-cup,An eco-conscious reusable cup designed for daily hydration with reduced environmental impact. Ideal for organisations committed to sustainability and staff wellness programmes.,450,900,,[],True,True,100,MUG-173,published,0.5,"[""corporate"", ""drinkware"", ""eco"", ""mug"", ""sustainable""]","[""White"",""Black""]",[]
LuxeLine Executive Pen,luxeline-executive-pen,"A high-quality professional writing instrument engineered for smooth, reliable performance. Ideal for corporate branding, daily office use, and client gifting. Available for full customisation with your logo or brand colours.",299,598,,[],True,True,100,PEN-174,published,0.5,"[""branding"", ""corporate"", ""pen"", ""stationery"", ""writing""]","[""Blue"",""Red""]",[]
ChromaMagic Colour-Change Mug,chromamagic-colour-change-mug-1,"A heat-activated colour-change mug that reveals designs when filled with hot liquid. Engaging, memorable, and fully customisable — perfect for corporate promotions and gifts.",210,420,,[],True,True,100,MUG-018,published,0.5,"[""colour-change"", ""corporate"", ""drinkware"", ""mug"", ""promotional""]","[""Blue"",""Red""]",[]
BambooForge Executive Notebook,bambooforge-executive-notebook-2,"An eco-conscious executive notebook crafted for professionals who value sustainability. Premium pages, durable cover, and refined finish — ideal for meetings, journaling, and daily planning. A thoughtful corporate gift that reflects environmental responsibility.",690,1380,,[],True,True,100,NBK-175,published,0.5,"[""corporate"", ""eco"", ""executive"", ""notebook"", ""stationery"", ""sustainable""]","[""Orange"",""Red"",""Blue"",""Green"",""Black""]","[""B5""]"
CurveLine A5 Executive Notebook,curveline-a5-executive-notebook,"A sophisticated A5 executive notebook with a curved profile and premium finish. High-quality lined pages and secure closure make it perfect for meetings, journaling, and professional daily use. An elevated stationery gift.",550,1100,,[],True,True,100,NBK-224,published,0.5,"[""corporate"", ""executive"", ""notebook"", ""stationery""]","[""Royal Blue"",""Light Blue"",""Grey"",""Green"",""Brown"",""Black"",""Orange"",""Red""]",[]
BambooSound Bluetooth Speaker,bamboosound-bluetooth-speaker,A premium eco-friendly bamboo Bluetooth speaker with seamless 5.0 connectivity (up to 33 ft). Natural aesthetics meet powerful sound performance — a high-quality sustainable tech gift for modern professionals and corporate programmes.,750,1500,,[],True,True,100,TCH-030,published,0.5,"[""bamboo"", ""bluetooth"", ""corporate"", ""eco"", ""gadget"", ""speaker"", ""sustainable"", ""tech""]",[],[]
Argent Silver-Buckle Ensemble,argent-silver-buckle-ensemble,"A carefully curated corporate gift ensemble designed for lasting impression. Premium coordinated pieces presented in a refined presentation box — ideal for executive recognition, client appreciation programmes, and milestone celebrations. Fully brandable to reflect your organisation's identity.",900,1800,,[],True,True,100,SET-225,published,0.5,"[""corporate"", ""ensemble"", ""gift set"", ""premium""]","[""Black"",""Blue"",""Red"",""Brown"",""Grey""]",[]
DuoTone Ceramic Mug,duotone-ceramic-mug,A two-tone ceramic mug offering visual contrast and everyday practicality. Ideal for corporate branding and promotional programmes.,180,360,,[],True,True,100,MUG-017,published,0.5,"[""ceramic"", ""corporate"", ""drinkware"", ""mug""]","[""Red"",""Blue"",""Green"",""Orange"",""Yellow""]",[]
PowerKit Charging Set,powerkit-charging-set,A practical charging accessory kit designed for modern professionals. Ideal as a corporate gift or event giveaway — fully customisable.,350,700,,[],True,True,100,ACC-021,published,0.5,"[""accessory"", ""charger"", ""corporate"", ""tech""]",[],"[""Square"",""Round""]"
Code 012 Professional Pen,code-012-professional-pen,"A high-quality professional writing instrument engineered for smooth, reliable performance. Ideal for corporate branding, daily office use, and client gifting. Available for full customisation with your logo or brand colours.",150,300,,[],True,True,100,PEN-226,published,0.5,"[""branding"", ""corporate"", ""pen"", ""stationery"", ""writing""]","[""Green""]",[]
Lumina Diamond Tumbler,lumina-diamond-tumbler,"A premium insulated vessel engineered to maintain ideal temperature for hot or cold beverages. Durable construction and refined styling make it an excellent companion for the office, travel, or outdoor use. Fully brandable for corporate programmes.",850,1700,,[],True,True,100,FLK-227,published,0.5,"[""corporate"", ""drinkware"", ""flask"", ""insulated"", ""thermal"", ""tumbler""]","[""Black"",""White"",""Royal Blue"",""Navy Blue"",""Green"",""Red""]",[]
Chronos 2856 Desk Clock,chronos-2856-desk-clock,"A premium desk clock designed to bring elegance and precision to any workspace. Crafted with attention to detail — ideal for executive offices, corporate gifts, and professional environments.",2000,4000,,[],True,True,100,CLK-228,published,0.5,"[""clock"", ""corporate"", ""desk"", ""office"", ""timepiece""]",[],[]
E105 Notebook & Pen Ensemble,e105-notebook-pen-ensemble,"A carefully curated corporate gift ensemble designed for lasting impression. Premium coordinated pieces presented in a refined presentation box — ideal for executive recognition, client appreciation programmes, and milestone celebrations. Fully brandable to reflect your organisation's identity.",950,1900,,[],True,True,100,SET-229,published,0.5,"[""corporate"", ""ensemble"", ""gift set"", ""notebook"", ""pen"", ""premium"", ""stationery""]",[],[]
Gentleman 06 Hip Flask,gentleman-06-hip-flask,"A classic, sophisticated hip flask crafted from premium materials. Designed with elegance and discretion — the ideal luxury gift for birthdays, anniversaries, corporate milestones, or distinguished personal recognition.",2100,4200,,[],True,True,100,HPF-230,published,0.5,"[""corporate"", ""drinkware"", ""gift"", ""hipflask"", ""luxury""]","[""Brown""]",[]
Sheriff's Shield Crystal Award,sheriffs-shield-crystal-award,"A precision-crafted crystal recognition piece designed to honour outstanding achievement. Clear, substantial, and fully customisable with engraving or logo application — the perfect centrepiece for employee excellence awards, corporate milestones, and distinguished service recognition.",7400,14800,,[],True,True,100,AWD-231,published,0.5,"[""award"", ""corporate"", ""crystal"", ""engraving"", ""recognition"", ""trophy""]",[],[]
TeaCraft Handle Mug,teacraft-handle-mug,A premium handle mug designed specifically for tea and coffee service. Comfortable grip and refined finish — perfect for hospitality and corporate gifts.,1200,2400,,[],True,True,100,MUG-232,published,0.5,"[""corporate"", ""drinkware"", ""mug""]","[""Black"",""White"",""Blue"",""Red"",""Grey"",""Green""]",[]
