name,slug,description,price,selling price,image_url,images,is_personalizable,in_stock,stock_quantity,sku,status,weight_kg,tags,color_variants,size_variants
"Abercrombie & Fitch Away Tonight for him - Eau de Toilette, 100ml",abercrombie-fitch-away-tonight-for-him-eau-de-toilette-100ml,"Woody, grounded and modern. Abercrombie & Fitch Away Tonight for him - Eau de Toilette, 100ml is for the modern gentleman who likes polished, versatile scents. Notes lean Woody Aromatic. Eau de toilette — lighter and more refreshing. Best for all-year versatility — meetings, weekends and everything in between. If you like Terre d'Hermès and Montblanc Legend, you will recognise the same family here. Easy enough for daily wear and a reliable, elevated gift choice.",7000,9450,https://cms.perfumeplugkenya.com/wp-content/uploads/abercrombie-fitch-away-tonight-men-edp-100ml_1.webp,[],False,True,50,MEN-001,published,0.3,"[""aromatic"", ""edt"", ""fragrance"", ""men"", ""perfume"", ""woody""]",[],"[""100ml""]"
"Afnan 9pm rebel - Eau de Parfum, 100 ml",afnan-9pm-rebel-eau-de-parfum-100-ml,"Warm, enveloping and full of depth. Afnan 9pm rebel - Eau de Parfum, 100 ml is for someone who wants depth, richness and evening presence. Notes lean Woody · Spicy · Amber. Best for cooler evenings, formal events and night-time presence. If you like Dior Sauvage and Dolce & Gabbana The One, you will recognise the same family here. Easy enough for daily wear and a reliable, elevated gift choice.",8500,11475,https://cms.perfumeplugkenya.com/wp-content/uploads/buy-in-kenya-afnan-9pm-rebel-100ml-eau-de-parfum.webp,[],False,True,50,MEN-002,published,0.3,"[""arabic"", ""edp"", ""fragrance"", ""men"", ""middle-eastern"", ""oriental"", ""perfume"", ""spicy"", ""woody""]",[],"[""100ml""]"
"Amouage Outlands essence - Eau de Parfum, 100ml (unisex)",amouage-outlands-essence-eau-de-parfum-100ml-unisex,"Warm, enveloping and full of depth. Amouage Outlands essence - Eau de Parfum, 100ml (unisex) is for wearers who enjoy rich, enveloping, shared scents. Notes lean Spicy · Woody · Amber. Best for cooler evenings, formal events and night-time presence. If you like Bleu de Chanel and YSL Black Opium, you will recognise the same family here. Choose this when you want something that feels intentional — strong as a signature or a gift that stands out.",72500,97875,https://cms.perfumeplugkenya.com/wp-content/uploads/buy-amouage-outlands-essence-in-kenya-perfumeplugkenya-100ml-edp.webp,[],False,True,50,UNI-001,published,0.3,"[""edp"", ""fragrance"", ""luxury"", ""niche"", ""oriental"", ""perfume"", ""premium"", ""spicy"", ""unisex"", ""woody""]",[],"[""100ml""]"
"Amouage Purpose - Eau de Parfum, 100 ml",amouage-purpose-eau-de-parfum-100-ml,"Dark, textured and memorable. Amouage Purpose - Eau de Parfum, 100 ml is for anyone drawn to smoky, atmospheric fragrances. Notes lean Spicy · Woody · Ambery · Smoky. Best for night-time and colder seasons. If you like Bleu de Chanel and Dior Sauvage, you will recognise the same family here. Choose this when you want something that feels intentional — strong as a signature or a gift that stands out.",56000,75600,https://cms.perfumeplugkenya.com/wp-content/uploads/buy-Amouage-Purpose-Eau-de-Parfum-100ML-perfumeplugkenya_.webp,[],False,True,50,MEN-003,published,0.3,"[""edp"", ""fragrance"", ""luxury"", ""men"", ""niche"", ""oriental"", ""perfume"", ""premium"", ""smoky"", ""spicy"", ""woody""]",[],"[""100ml""]"
Antonio Banderas The Icon for Her 100ml EDP - Premium Women's Perfume,antonio-banderas-the-icon-for-her-100ml-edp-premium-womens-perfume,"Warm, enveloping and full of depth. Antonio Banderas The Icon for Her 100ml EDP - Premium Women's Perfume is for the woman who wants warmth, depth and evening allure. Notes lean Amber Floral. Best for cooler evenings, formal events and night-time presence. If you like YSL Black Opium and Gucci Bloom, you will recognise the same family here. Easy enough for daily wear and a reliable, elevated gift choice.",5500,7425,https://cms.perfumeplugkenya.com/wp-content/uploads/antonio-banderas-the-icon-apa-de-parfum-pentru-femei-100-ml-483841.jpg,[],False,True,50,WOM-001,published,0.3,"[""edp"", ""floral"", ""fragrance"", ""oriental"", ""perfume"", ""women""]",[],"[""100ml""]"
"Ariana Grande Cloud - Eau de Parfum, 100 ml + 100 ml Body Creme+ 100 ml Shower Gel Set",ariana-grande-cloud-eau-de-parfum-100-ml-100-ml-body-creme-100-ml-shower-gel-set,"Warm, inviting and quietly addictive. Ariana Grande Cloud - Eau de Parfum, 100 ml + 100 ml Body Creme+ 100 ml Shower Gel Set is for someone who enjoys soft, comforting, slightly sweet scents. Notes lean Floral Fruity · Gourmand. Best for autumn and winter evenings, and cosy occasions. If you like Miss Dior and Gucci Bloom, you will recognise the same family here. Comes as a set, so it is ready to give without extra wrapping stress.",13500,18225,https://cms.perfumeplugkenya.com/wp-content/uploads/ariana-grande-cloud-eau-de-parfum-100-ml-body-cream100-ml-bath-shower-gel-100-ml-gift-set1.webp,[],False,True,50,WOM-002,published,0.3,"[""arabic"", ""edp"", ""floral"", ""fragrance"", ""fruity"", ""gift-set"", ""gourmand"", ""middle-eastern"", ""perfume"", ""women""]",[],"[""100ml""]"
"Ariana Grande cloud 2.0 intense - Eau de Parfum, 100 ml",ariana-grande-cloud-20-intense-eau-de-parfum-100-ml,"Warm, inviting and quietly addictive. Ariana Grande cloud 2.0 intense - Eau de Parfum, 100 ml is for someone who enjoys soft, comforting, slightly sweet scents. Notes lean Sweet · Creamy · Musky. Best for autumn and winter evenings, and cosy occasions. If you like Lancôme La Vie Est Belle and Narciso Rodriguez for Her, you will recognise the same family here. Easy enough for daily wear and a reliable, elevated gift choice.",12000,16200,https://cms.perfumeplugkenya.com/wp-content/uploads/ariana-grande-cloud-2.0-intense-100-ml-eau-de-parfum.avif,[],False,True,50,WOM-003,published,0.3,"[""arabic"", ""edp"", ""fragrance"", ""gourmand"", ""middle-eastern"", ""musky"", ""perfume"", ""women""]",[],"[""100ml""]"
"Armaf Bling - Eau de Parfum, 75 ml",armaf-bling-eau-de-parfum-75-ml,"Warm, inviting and quietly addictive. Armaf Bling - Eau de Parfum, 75 ml is for the man who enjoys sweet-meets-masculine warmth. Notes lean Fruity · Floral · Sweet. Best for autumn and winter evenings, and cosy occasions. If you like YSL Black Opium and Juicy Couture Viva La Juicy, you will recognise the same family here. Easy enough for daily wear and a reliable, elevated gift choice.",8500,11475,https://cms.perfumeplugkenya.com/wp-content/uploads/armaf-arabic-perfume-in-kenya-armaf-bling-75ml-edp-.webp,[],False,True,50,MEN-004,published,0.3,"[""arabic"", ""edp"", ""floral"", ""fragrance"", ""fruity"", ""gourmand"", ""men"", ""middle-eastern"", ""perfume""]",[],"[""75ml""]"
"Armaf Club De Nuit Intense Woman - Eau de Parfum, 105ml",armaf-club-de-nuit-intense-woman-eau-de-parfum-105ml,"Spiced, warm and full of character. Armaf Club De Nuit Intense Woman - Eau de Parfum, 105ml is for the bold personality who enjoys spice with femininity. Notes lean Dark Rose · Spicy Saffron · Rich Oud. Best for evenings, autumn and winter, and date nights. If you like Bleu de Chanel and Viktor & Rolf Flowerbomb, you will recognise the same family here. Easy enough for daily wear and a reliable, elevated gift choice.",6500,8775,https://cms.perfumeplugkenya.com/wp-content/uploads/armaf-club-de-nuit-intense-woman-eau-de-parfum-.webp,[],False,True,50,WOM-004,published,0.3,"[""arabic"", ""edp"", ""floral"", ""fragrance"", ""middle-eastern"", ""perfume"", ""spicy"", ""women"", ""woody""]",[],"[""105ml""]"
"Armaf Club De Nuit Milestone - Eau de Parfum, 105ml",armaf-club-de-nuit-milestone-eau-de-parfum-105ml,"Clean, bright and effortlessly wearable. Armaf Club De Nuit Milestone - Eau de Parfum, 105ml is for the active professional who wants to feel clean and sharp all day. Notes lean Fresh · Aquatic · Woody. Best for daytime, warmer months, the office and casual settings. If you like Versace Man Eau Fraiche and Bleu de Chanel, you will recognise the same family here. Easy enough for daily wear and a reliable, elevated gift choice.",7000,9450,https://cms.perfumeplugkenya.com/wp-content/uploads/buy-original-armaf-club-de-nuit-milestone-in-kenya-105ml-edp-.webp,[],False,True,50,MEN-005,published,0.3,"[""arabic"", ""edp"", ""fragrance"", ""fresh"", ""men"", ""middle-eastern"", ""perfume"", ""woody""]",[],"[""105ml""]"
"Armaf Club de Nuit Blue Iconic - Eau de Parfum, 105ml",armaf-club-de-nuit-blue-iconic-eau-de-parfum-105ml,"Woody, grounded and modern. Armaf Club de Nuit Blue Iconic - Eau de Parfum, 105ml is for the modern gentleman who likes polished, versatile scents. Notes lean Aromatic Woody ·. Best for all-year versatility — meetings, weekends and everything in between. If you like Terre d'Hermès and Bleu de Chanel, you will recognise the same family here. Easy enough for daily wear and a reliable, elevated gift choice.",8500,11475,https://cms.perfumeplugkenya.com/wp-content/uploads/armaf-club-de-nuit-eau-de-iconic-105ml-best-price-in-kenya.webp,[],False,True,50,MEN-006,published,0.3,"[""arabic"", ""aromatic"", ""edp"", ""fragrance"", ""men"", ""middle-eastern"", ""perfume"", ""woody""]",[],"[""105ml""]"
"Armaf Club de Nuit Imperiale - Eau de Parfum, 105ml",armaf-club-de-nuit-imperiale-eau-de-parfum-105ml,"Bright, cheerful and easy to love. Armaf Club de Nuit Imperiale - Eau de Parfum, 105ml is for the discerning wearer looking for a reliable signature scent. Notes lean Fruity · Floral · Musky. Best for daytime to early evening; spring and warmer months. If you like Dolce & Gabbana Light Blue and Viktor & Rolf Flowerbomb, you will recognise the same family here. Easy enough for daily wear and a reliable, elevated gift choice.",8500,11475,https://cms.perfumeplugkenya.com/wp-content/uploads/armaf-club-de-nuit-imperiale-eau-de-parfum-105ml-best-price-in-kenya.webp,[],False,True,50,MEN-007,published,0.3,"[""arabic"", ""edp"", ""floral"", ""fragrance"", ""fruity"", ""men"", ""middle-eastern"", ""musky"", ""perfume""]",[],"[""105ml""]"
"Armaf Club de Nuit Intense Man Limited Edition (Collector's Pride) - PARFUM, 105ml",armaf-club-de-nuit-intense-man-limited-edition-collectors-pride-parfum-105ml,"Dark, textured and memorable. Armaf Club de Nuit Intense Man Limited Edition (Collector's Pride) - PARFUM, 105ml is for anyone drawn to smoky, atmospheric fragrances. Notes lean Smoky Fruity · Citrus · Woody. Parfum concentration with deeper presence. Best for night-time and colder seasons. If you like Lalique Encre Noire and Chanel Allure Homme Sport, you will recognise the same family here. Easy enough for daily wear and a reliable, elevated gift choice.",13500,18225,https://cms.perfumeplugkenya.com/wp-content/uploads/armaf-club-de-nuit-intense-man-Parfum-limited-edition-collectors-pride-100ml.webp,[],False,True,50,MEN-008,published,0.3,"[""arabic"", ""citrus"", ""fragrance"", ""fruity"", ""men"", ""middle-eastern"", ""parfum"", ""perfume"", ""smoky"", ""woody""]",[],"[""105ml""]"
"Armaf Club de Nuit Precieux - Extrait de Parfum, 55ml",armaf-club-de-nuit-precieux-extrait-de-parfum-55ml,"Warm, enveloping and full of depth. Armaf Club de Nuit Precieux - Extrait de Parfum, 55ml is for someone who wants depth, richness and evening presence. Notes lean Amber Woody. Extrait strength for richer, longer wear. Best for cooler evenings, formal events and night-time presence. If you like Tom Ford Oud Wood and YSL Black Opium, you will recognise the same family here. Choose this when you want something that feels intentional — strong as a signature or a gift that stands out.",9900,13365,https://cms.perfumeplugkenya.com/wp-content/uploads/club-de-nuit-precieux-i-extrait-de-parfum-price-in-kenya.webp,[],False,True,50,MEN-009,published,0.3,"[""arabic"", ""extrait"", ""fragrance"", ""men"", ""middle-eastern"", ""niche"", ""oriental"", ""perfume"", ""woody""]",[],"[""55ml""]"
"Armaf Club de Nuit Untold - Eau de Parfum, 105ml",armaf-club-de-nuit-untold-eau-de-parfum-105ml,"Warm, inviting and quietly addictive. Armaf Club de Nuit Untold - Eau de Parfum, 105ml is for the man who enjoys sweet-meets-masculine warmth. Notes lean Sweet Amber · Airy Saffron · Woody Cedar. Best for autumn and winter evenings, and cosy occasions. If you like Tom Ford Tobacco Vanille and Lancôme La Vie Est Belle, you will recognise the same family here. Easy enough for daily wear and a reliable, elevated gift choice.",9000,12150,https://cms.perfumeplugkenya.com/wp-content/uploads/armaf-club-de-nuit-untold-eau-de-parfum-105ml-best-price-in-kenya.webp,[],False,True,50,MEN-010,published,0.3,"[""arabic"", ""edp"", ""fragrance"", ""gourmand"", ""men"", ""middle-eastern"", ""oriental"", ""perfume"", ""spicy"", ""woody""]",[],"[""105ml""]"
"Armaf Club de Nuit Urban Man Elixir - Eau de Parfum, 105ml",armaf-club-de-nuit-urban-man-elixir-eau-de-parfum-105ml,"Warm, enveloping and full of depth. Armaf Club de Nuit Urban Man Elixir - Eau de Parfum, 105ml is for someone who wants depth, richness and evening presence. Notes lean Fresh Spicy · Warm Amber · Aromatic Lavender. Best for cooler evenings, formal events and night-time presence. If you like YSL Y and Viktor & Rolf Spicebomb, you will recognise the same family here. Easy enough for daily wear and a reliable, elevated gift choice.",7000,9450,https://cms.perfumeplugkenya.com/wp-content/uploads/armaf-club-de-nuit-urban-man-elixir-100ml-best-price-in-kenya.jpg,[],False,True,50,MEN-011,published,0.3,"[""arabic"", ""aromatic"", ""edp"", ""fragrance"", ""fresh"", ""men"", ""middle-eastern"", ""oriental"", ""perfume"", ""spicy""]",[],"[""105ml""]"
"Armaf Club de nuit Oud - parfum, 105 ml",armaf-club-de-nuit-oud-parfum-105-ml,"Rich, resinous and unmistakably luxurious. Armaf Club de nuit Oud - parfum, 105 ml is for the collector who appreciates rich, resinous luxury. Notes lean Oud · Woody · Warm. Parfum concentration with deeper presence. Best for evening wear and special occasions when you want presence. If you like Tom Ford Oud Wood and Maison Francis Kurkdjian Baccarat Rouge 540, you will recognise the same family here. Easy enough for daily wear and a reliable, elevated gift choice.",11000,14850,https://cms.perfumeplugkenya.com/wp-content/uploads/buy-at-perfume-plug-kenya-armaf-clubdenuit-OUD1.webp,[],False,True,50,MEN-012,published,0.3,"[""arabic"", ""fragrance"", ""men"", ""middle-eastern"", ""parfum"", ""perfume"", ""woody""]",[],"[""105ml""]"
"Armaf club de nuit maleka - Eau de Parfum, 105ml",armaf-club-de-nuit-maleka-eau-de-parfum-105ml,"Warm, inviting and quietly addictive. Armaf club de nuit maleka - Eau de Parfum, 105ml is for the man who enjoys sweet-meets-masculine warmth. Notes lean Fruity-floral powder with sweet amber vibes. Best for autumn and winter evenings, and cosy occasions. If you like Marc Jacobs Daisy and Carolina Herrera Good Girl, you will recognise the same family here. Easy enough for daily wear and a reliable, elevated gift choice.",8000,10800,https://cms.perfumeplugkenya.com/wp-content/uploads/buy-armaf-club-de-nuit-maleka-in-kenya.webp,[],False,True,50,MEN-013,published,0.3,"[""arabic"", ""edp"", ""floral"", ""fragrance"", ""fruity"", ""gourmand"", ""men"", ""middle-eastern"", ""oriental"", ""perfume"", ""powdery""]",[],"[""105ml""]"
"Armaf club de nuit precieux IV for her - Extrait de Parfum, 55 ml",armaf-club-de-nuit-precieux-iv-for-her-extrait-de-parfum-55-ml,"Warm, enveloping and full of depth. Armaf club de nuit precieux IV for her - Extrait de Parfum, 55 ml is for the woman who wants warmth, depth and evening allure. Notes lean Floral Fruity Vanilla. Extrait strength for richer, longer wear. Best for cooler evenings, formal events and night-time presence. If you like Chanel Coco Mademoiselle and Tom Ford Tobacco Vanille, you will recognise the same family here. Choose this when you want something that feels intentional — strong as a signature or a gift that stands out.",9900,13365,https://cms.perfumeplugkenya.com/wp-content/uploads/Untitleddesign-2025-08-29T213634.817.png,[],False,True,50,WOM-005,published,0.3,"[""arabic"", ""extrait"", ""floral"", ""fragrance"", ""fruity"", ""middle-eastern"", ""niche"", ""oriental"", ""perfume"", ""women""]",[],"[""55ml""]"
Armaf club de nuit woman (collector's pride) Extrait de Parfum gift set - 70 ml + 50 ml hand creame + 50 ml body spray + Pouch,armaf-club-de-nuit-woman-collectors-pride-extrait-de-parfum-gift-set-70-ml-50-ml-hand-crea,"Warm, enveloping and full of depth. Armaf club de nuit woman (collector's pride) Extrait de Parfum gift set - 70 ml + 50 ml hand creame + 50 ml body spray + Pouch is for the woman who wants warmth, depth and evening allure. Notes lean Fruity · Floral · Amber. Extrait strength for richer, longer wear. Best for cooler evenings, formal events and night-time presence. If you like Viktor & Rolf Flowerbomb and Mugler Angel, you will recognise the same family here. Choose this when you want something that feels intentional — strong as a signature or a gift that stands out.",8500,11475,https://cms.perfumeplugkenya.com/wp-content/uploads/buy-in-kenya-Armaf-club-de-nuit-woman-collectors-pride-Extrait-de-parfum-gift-set-70-ml-50-ml-hand-creame-50-ml-body-spray-.png,[],False,True,50,WOM-006,published,0.3,"[""arabic"", ""extrait"", ""floral"", ""fragrance"", ""fruity"", ""gift-set"", ""middle-eastern"", ""niche"", ""oriental"", ""perfume"", ""women""]",[],"[""70ml""]"
"Azzaro Chrome - Eau de Parfum, 100 ml",azzaro-chrome-eau-de-parfum-100-ml,"Clean, bright and effortlessly wearable. Azzaro Chrome - Eau de Parfum, 100 ml is for the active professional who wants to feel clean and sharp all day. Notes lean Fresh. Best for daytime, warmer months, the office and casual settings. If you like Acqua di Gio and Versace Man Eau Fraiche, you will recognise the same family here. Easy enough for daily wear and a reliable, elevated gift choice.",9800,13230,https://cms.perfumeplugkenya.com/wp-content/uploads/azzaro-chrome-eau-de-parfum-100-ml.webp,[],False,True,50,MEN-014,published,0.3,"[""edp"", ""fragrance"", ""fresh"", ""men"", ""perfume""]",[],"[""100ml""]"
"Azzaro Chrome - Eau de Toilette, 100ml",azzaro-chrome-eau-de-toilette-100ml,"Clean, bright and effortlessly wearable. Azzaro Chrome - Eau de Toilette, 100ml is for anyone who loves bright, energising openings. Notes lean Fresh Aquatic · citrus · woody. Eau de toilette — lighter and more refreshing. Best for mornings and daytime, especially in spring and summer. If you like Terre d'Hermès and Tom Ford Oud Wood, you will recognise the same family here. Easy enough for daily wear and a reliable, elevated gift choice.",8500,11475,https://cms.perfumeplugkenya.com/wp-content/uploads/azzaro-chrome-edt-original-fragrance-in-kenya-100ml.webp,[],False,True,50,MEN-015,published,0.3,"[""citrus"", ""edt"", ""fragrance"", ""fresh"", ""men"", ""perfume"", ""woody""]",[],"[""100ml""]"
"Azzaro The Most Wanted - PARFUM, 100ml",azzaro-the-most-wanted-parfum-100ml,"Spiced, warm and full of character. Azzaro The Most Wanted - PARFUM, 100ml is for the man who enjoys warmth and a touch of boldness. Notes lean Warm spicy · woody. Parfum concentration with deeper presence. Best for evenings, autumn and winter, and date nights. If you like Terre d'Hermès and Bleu de Chanel, you will recognise the same family here. Easy enough for daily wear and a reliable, elevated gift choice.",15000,20250,https://cms.perfumeplugkenya.com/wp-content/uploads/azzaro-the-most-wanted-parfum-100-ml.webp,[],False,True,50,MEN-016,published,0.3,"[""fragrance"", ""men"", ""parfum"", ""perfume"", ""premium"", ""spicy"", ""woody""]",[],"[""100ml""]"
"Azzaro forever wanted elixir - parfum, 100 ml",azzaro-forever-wanted-elixir-parfum-100-ml,"Warm, enveloping and full of depth. Azzaro forever wanted elixir - parfum, 100 ml is for someone who wants depth, richness and evening presence. Notes lean Amber · Woody · Spicy. Parfum concentration with deeper presence. Best for cooler evenings, formal events and night-time presence. If you like YSL Black Opium and Bleu de Chanel, you will recognise the same family here. Easy enough for daily wear and a reliable, elevated gift choice.",14500,19575,https://cms.perfumeplugkenya.com/wp-content/uploads/buy-in-kenya-azzaro-forever-wanted-elixir-100-ml-parfum.avif,[],False,True,50,MEN-017,published,0.3,"[""fragrance"", ""men"", ""oriental"", ""parfum"", ""perfume"", ""spicy"", ""woody""]",[],"[""100ml""]"
"BDK rouge smoking - Eau de Parfum, 100 ml",bdk-rouge-smoking-eau-de-parfum-100-ml,"Warm, enveloping and full of depth. BDK rouge smoking - Eau de Parfum, 100 ml is for someone who wants depth, richness and evening presence. Notes lean Cherry · Vanilla · Amber. Best for cooler evenings, formal events and night-time presence. If you like Tom Ford Tobacco Vanille and Mugler Angel, you will recognise the same family here. Choose this when you want something that feels intentional — strong as a signature or a gift that stands out.",25000,33750,https://cms.perfumeplugkenya.com/wp-content/uploads/bdk-rouge-smoking-EDP_niche-perfumes-in-kenya_-1.webp,[],False,True,50,MEN-018,published,0.3,"[""edp"", ""fragrance"", ""luxury"", ""men"", ""niche"", ""oriental"", ""perfume"", ""premium""]",[],"[""100ml""]"
"Bentley Azzure for Men - Eau de Toilette, 100ml",bentley-azzure-for-men-eau-de-toilette-100ml,"Warm, inviting and quietly addictive. Bentley Azzure for Men - Eau de Toilette, 100ml is for the man who enjoys sweet-meets-masculine warmth. Notes lean Sweet Pineapple · Calming Tea · Smooth Cashmere Wood. Eau de toilette — lighter and more refreshing. Best for autumn and winter evenings, and cosy occasions. If you like Ariana Grande Cloud and Tom Ford Oud Wood, you will recognise the same family here. Easy enough for daily wear and a reliable, elevated gift choice.",6000,8100,https://cms.perfumeplugkenya.com/wp-content/uploads/bentley-azure-eau-de-toilette-100ml.jpg,[],False,True,50,MEN-019,published,0.3,"[""edt"", ""fragrance"", ""fruity"", ""gourmand"", ""men"", ""perfume"", ""woody""]",[],"[""100ml""]"
"Bentley Intense - Eau de Parfum, 100 ml",bentley-intense-eau-de-parfum-100-ml,"Spiced, warm and full of character. Bentley Intense - Eau de Parfum, 100 ml is for the man who enjoys warmth and a touch of boldness. Notes lean Woody · warm spicy. Best for evenings, autumn and winter, and date nights. If you like Emporio Armani Stronger With You and Terre d'Hermès, you will recognise the same family here. Easy enough for daily wear and a reliable, elevated gift choice.",7500,10125,https://cms.perfumeplugkenya.com/wp-content/uploads/bentley-intense-eau-de-parfum-100-ml.jpg,[],False,True,50,MEN-020,published,0.3,"[""edp"", ""fragrance"", ""men"", ""perfume"", ""spicy"", ""woody""]",[],"[""100ml""]"
"Bentley Momentum Intense - Eau de Parfum, 100ml",bentley-momentum-intense-eau-de-parfum-100ml,"Warm, enveloping and full of depth. Bentley Momentum Intense - Eau de Parfum, 100ml is for someone who wants depth, richness and evening presence. Notes lean Amber · Aromatic · Woody. Best for cooler evenings, formal events and night-time presence. If you like YSL Y and Dior Sauvage, you will recognise the same family here. Easy enough for daily wear and a reliable, elevated gift choice.",7500,10125,https://cms.perfumeplugkenya.com/wp-content/uploads/bentley_momentum_intense_100ml_price-in-kenya-scaled.jpg,[],False,True,50,MEN-021,published,0.3,"[""aromatic"", ""edp"", ""fragrance"", ""men"", ""oriental"", ""perfume"", ""woody""]",[],"[""100ml""]"
"Bentley for men silverlake - Eau de Parfum, 100 ml",bentley-for-men-silverlake-eau-de-parfum-100-ml,"Clean, bright and effortlessly wearable. Bentley for men silverlake - Eau de Parfum, 100 ml is for the active professional who wants to feel clean and sharp all day. Notes lean Fresh · Aromatic · Woody. Best for daytime, warmer months, the office and casual settings. If you like Montblanc Legend and Acqua di Gio, you will recognise the same family here. Easy enough for daily wear and a reliable, elevated gift choice.",7500,10125,https://cms.perfumeplugkenya.com/wp-content/uploads/buy-in-kenya-bentley-for-men-silverlake.webp,[],False,True,50,MEN-022,published,0.3,"[""aromatic"", ""edp"", ""fragrance"", ""fresh"", ""men"", ""perfume"", ""woody""]",[],"[""100ml""]"
"Bentley momentum - Eau de Toilette, 100 ml",bentley-momentum-eau-de-toilette-100-ml,"Warm, enveloping and full of depth. Bentley momentum - Eau de Toilette, 100 ml is for someone who wants depth, richness and evening presence. Notes lean Scent: Aromatic · Amber · Woody. Eau de toilette — lighter and more refreshing. Best for cooler evenings, formal events and night-time presence. If you like Terre d'Hermès and Tom Ford Oud Wood, you will recognise the same family here. Easy enough for daily wear and a reliable, elevated gift choice.",6500,8775,https://cms.perfumeplugkenya.com/wp-content/uploads/bentley-momentum-edt-perfume-price-in-kenya-perfumepug-kenya.webp,[],False,True,50,MEN-023,published,0.3,"[""aromatic"", ""edt"", ""fragrance"", ""men"", ""oriental"", ""perfume"", ""woody""]",[],"[""100ml""]"
"Billie Eilish Eilish - Eau de Parfum, 100 ml",billie-eilish-eilish-eau-de-parfum-100-ml,"Warm, inviting and quietly addictive. Billie Eilish Eilish - Eau de Parfum, 100 ml is for someone who enjoys soft, comforting, slightly sweet scents. Notes lean Gourmand · Amber vanilla. Best for autumn and winter evenings, and cosy occasions. If you like Lancôme La Vie Est Belle and YSL Black Opium, you will recognise the same family here. Easy enough for daily wear and a reliable, elevated gift choice.",11500,15525,https://cms.perfumeplugkenya.com/wp-content/uploads/billie-eilish-eilish-eau-de-parfum-100-mls.webp,[],False,True,50,WOM-007,published,0.3,"[""edp"", ""fragrance"", ""gourmand"", ""oriental"", ""perfume"", ""women""]",[],"[""100ml""]"
"Billie Eilish No.2 - Eau de Parfum, 100ml",billie-eilish-no2-eau-de-parfum-100ml,"Spiced, warm and full of character. Billie Eilish No.2 - Eau de Parfum, 100ml is for the bold personality who enjoys spice with femininity. Notes lean Woody · Spicy · Musky. Best for evenings, autumn and winter, and date nights. If you like Tom Ford Oud Wood and Dior Sauvage, you will recognise the same family here. Easy enough for daily wear and a reliable, elevated gift choice.",10500,14175,https://cms.perfumeplugkenya.com/wp-content/uploads/billie-eilish-eilish-no-2-eau-de-parfum-100ml.webp,[],False,True,50,WOM-008,published,0.3,"[""edp"", ""fragrance"", ""musky"", ""perfume"", ""spicy"", ""women"", ""woody""]",[],"[""100ml""]"
Billie Eilish Your Turn Gift Set - Eau de Parfum 100ml + 10ml Travel Spray,billie-eilish-your-turn-gift-set-eau-de-parfum-100ml-10ml-travel-spray,"Spiced, warm and full of character. Billie Eilish Your Turn Gift Set - Eau de Parfum 100ml + 10ml Travel Spray is for the bold personality who enjoys spice with femininity. Notes lean Woody · Spicy · Musky. Best for evenings, autumn and winter, and date nights. If you like Viktor & Rolf Spicebomb and Dior Sauvage, you will recognise the same family here. Comes as a set, so it is ready to give without extra wrapping stress.",10500,14175,https://cms.perfumeplugkenya.com/wp-content/uploads/billie-eilish-your-turn-eau-de-parfum-spray-gift-set-price-in-kenya.avif,[],False,True,50,WOM-009,published,0.3,"[""edp"", ""fragrance"", ""gift-set"", ""musky"", ""perfume"", ""spicy"", ""women"", ""woody""]",[],"[""100ml""]"
"Bright Crystal Absolu - Eau de Parfum, 90ml",bright-crystal-absolu-eau-de-parfum-90ml,"Elegant, floral and polished. Bright Crystal Absolu - Eau de Parfum, 90ml is for the woman who loves classic elegance with a modern touch. Notes lean Floral · Fruity · Musky. Best for daytime to early evening; spring and warmer months. If you like Byredo Blanche and Marc Jacobs Daisy, you will recognise the same family here. Easy enough for daily wear and a reliable, elevated gift choice.",13500,18225,https://cms.perfumeplugkenya.com/wp-content/uploads/versace-bright-crystal-absolu-eau-de-parfum-90-mls.jpg,[],False,True,50,WOM-010,published,0.3,"[""edp"", ""floral"", ""fragrance"", ""fruity"", ""musky"", ""perfume"", ""women""]",[],"[""90ml""]"
"Burberry Goddess - Eau de Parfum Intense, 100ml",burberry-goddess-eau-de-parfum-intense-100ml,"Warm, inviting and quietly addictive. Burberry Goddess - Eau de Parfum Intense, 100ml is for someone who enjoys soft, comforting, slightly sweet scents. Notes lean Warm · gourmand vanilla · creamy · empowering. Best for autumn and winter evenings, and cosy occasions. If you like Mugler Angel and Lancôme La Vie Est Belle, you will recognise the same family here. Choose this when you want something that feels intentional — strong as a signature or a gift that stands out.",20500,27675,https://cms.perfumeplugkenya.com/wp-content/uploads/burberry-goddess-intense-eau-de-parfum-100ml.png,[],False,True,50,WOM-011,published,0.3,"[""designer"", ""edp"", ""fragrance"", ""gourmand"", ""oriental"", ""perfume"", ""premium"", ""women""]",[],"[""100ml""]"
"Burberry My Burberry - Eau de Parfum, 90ml",burberry-my-burberry-eau-de-parfum-90ml,"Bright, cheerful and easy to love. Burberry My Burberry - Eau de Parfum, 90ml is for the playful spirit who likes bright and cheerful fragrances. Notes lean Fruity Florsl. Best for daytime, casual outings and warmer weather. If you like Marc Jacobs Daisy and Dolce & Gabbana Light Blue, you will recognise the same family here. Easy enough for daily wear and a reliable, elevated gift choice.",15000,20250,https://cms.perfumeplugkenya.com/wp-content/uploads/My-Burberry-90ML-EDP.jpg,[],False,True,50,WOM-012,published,0.3,"[""designer"", ""edp"", ""fragrance"", ""fruity"", ""perfume"", ""premium"", ""women""]",[],"[""90ml""]"
"Burberry My Burberry Black - Parfum, 90ml",burberry-my-burberry-black-parfum-90ml,"Warm, enveloping and full of depth. Burberry My Burberry Black - Parfum, 90ml is for the woman who wants warmth, depth and evening allure. Notes lean Amber floral. Parfum concentration with deeper presence. Best for cooler evenings, formal events and night-time presence. If you like Gucci Bloom and Tom Ford Tobacco Vanille, you will recognise the same family here. Easy enough for daily wear and a reliable, elevated gift choice.",15000,20250,https://cms.perfumeplugkenya.com/wp-content/uploads/burberry-my-burberry-black-parfum-90-ml.jpg,[],False,True,50,WOM-013,published,0.3,"[""designer"", ""floral"", ""fragrance"", ""oriental"", ""parfum"", ""perfume"", ""premium"", ""women""]",[],"[""90ml""]"
"Burberry My Burberry Blush - Eau de Parfum, 90 ml (New Packing)",burberry-my-burberry-blush-eau-de-parfum-90-ml-new-packing,"Elegant, floral and polished. Burberry My Burberry Blush - Eau de Parfum, 90 ml (New Packing) is for the woman who loves classic elegance with a modern touch. Notes lean Fruity Floral · Crisp Apple · Soft Rose. Best for daytime to early evening; spring and warmer months. If you like Juicy Couture Viva La Juicy and Marc Jacobs Daisy, you will recognise the same family here. Easy enough for daily wear and a reliable, elevated gift choice.",15000,20250,https://cms.perfumeplugkenya.com/wp-content/uploads/burberry-my-burberry-blush-eau-de-parfum-90-ml-new-packing.jpg,[],False,True,50,WOM-014,published,0.3,"[""designer"", ""edp"", ""floral"", ""fragrance"", ""fruity"", ""perfume"", ""premium"", ""women""]",[],"[""90ml""]"
"Burberry Touch - Eau de Toilette, 100 ml",burberry-touch-eau-de-toilette-100-ml,"Spiced, warm and full of character. Burberry Touch - Eau de Toilette, 100 ml is for the man who enjoys warmth and a touch of boldness. Notes lean Powdery Musk · Fresh Violet Leaf · Warm White Pepper. Eau de toilette — lighter and more refreshing. Best for evenings, autumn and winter, and date nights. If you like Dolce & Gabbana The One and Issey Miyake L'Eau d'Issey, you will recognise the same family here. Easy enough for daily wear and a reliable, elevated gift choice.",6500,8775,https://cms.perfumeplugkenya.com/wp-content/uploads/burberry-touch-eau-de-toilette-100-ml.jpg,[],False,True,50,MEN-024,published,0.3,"[""designer"", ""edt"", ""fragrance"", ""fresh"", ""green"", ""men"", ""musky"", ""perfume"", ""powdery"", ""spicy""]",[],"[""100ml""]"
"Burberry Touch For Her - Eau de Parfum, 100ml",burberry-touch-for-her-eau-de-parfum-100ml,"Warm, enveloping and full of depth. Burberry Touch For Her - Eau de Parfum, 100ml is for the woman who wants warmth, depth and evening allure. Notes lean Fresh Berries · Soft Peony · Warm Vanilla. Best for cooler evenings, formal events and night-time presence. If you like Acqua di Gio and Tom Ford Tobacco Vanille, you will recognise the same family here. Easy enough for daily wear and a reliable, elevated gift choice.",7500,10125,https://cms.perfumeplugkenya.com/wp-content/uploads/burberry-touch-eau-de-parfum-100-ml.jpg,[],False,True,50,WOM-015,published,0.3,"[""designer"", ""edp"", ""floral"", ""fragrance"", ""fresh"", ""oriental"", ""perfume"", ""women""]",[],"[""100ml""]"
"Bvlgari Aqva Pour Homme - Eau de Toilette, 100 ml",bvlgari-aqva-pour-homme-eau-de-toilette-100-ml,"Clean, bright and effortlessly wearable. Bvlgari Aqva Pour Homme - Eau de Toilette, 100 ml is for the active professional who wants to feel clean and sharp all day. Notes lean Fresh · Aquatic. Eau de toilette — lighter and more refreshing. Best for daytime, warmer months, the office and casual settings. If you like Issey Miyake L'Eau d'Issey and Acqua di Gio, you will recognise the same family here. Easy enough for daily wear and a reliable, elevated gift choice.",18500,24975,https://cms.perfumeplugkenya.com/wp-content/uploads/bvlgari-aqva-pour-homme-eau-de-toilette-100-ml.jpg,[],False,True,50,MEN-025,published,0.3,"[""designer"", ""edt"", ""fragrance"", ""fresh"", ""men"", ""perfume"", ""premium""]",[],"[""100ml""]"
"Bvlgari Le gemme collection tygar - Extrait de Parfum, 125 ml",bvlgari-le-gemme-collection-tygar-extrait-de-parfum-125-ml,"Warm, enveloping and full of depth. Bvlgari Le gemme collection tygar - Extrait de Parfum, 125 ml is for someone who wants depth, richness and evening presence. Notes lean Citrus · Amber · Woody. Extrait strength for richer, longer wear. Best for cooler evenings, formal events and night-time presence. If you like Terre d'Hermès and Tom Ford Oud Wood, you will recognise the same family here. Choose this when you want something that feels intentional — strong as a signature or a gift that stands out.",99500,134325,https://cms.perfumeplugkenya.com/wp-content/uploads/buy-Bvlgari-Le-Gemme-Tygar-EDP-100-ML-buy-perfume-men-niche-in-kenya.jpg,[],False,True,50,MEN-026,published,0.3,"[""citrus"", ""designer"", ""extrait"", ""fragrance"", ""luxury"", ""men"", ""niche"", ""oriental"", ""perfume"", ""premium"", ""woody""]",[],"[""125ml""]"
"Bvlgari Man In Black - Eau de Parfum, 100ml",bvlgari-man-in-black-eau-de-parfum-100ml,"Dark, textured and memorable. Bvlgari Man In Black - Eau de Parfum, 100ml is for the refined wearer who likes dark, sophisticated character. Notes lean Warm Spicy · Rum · Leather Wood. Best for evenings and cooler months — statement occasions. If you like Dior Homme and Tom Ford Ombre Leather, you will recognise the same family here. Easy enough for daily wear and a reliable, elevated gift choice.",16000,21600,https://cms.perfumeplugkenya.com/wp-content/uploads/bvlgari-man-in-black-eau-de-parfum-100-ml.jpg,[],False,True,50,MEN-027,published,0.3,"[""boozy"", ""designer"", ""edp"", ""fragrance"", ""leather"", ""men"", ""perfume"", ""premium"", ""spicy"", ""woody""]",[],"[""100ml""]"
"Bvlgari Omnia Amethyste - Eau de Toilette, 100 ml",bvlgari-omnia-amethyste-eau-de-toilette-100-ml,"Elegant, floral and polished. Bvlgari Omnia Amethyste - Eau de Toilette, 100 ml is for the woman who loves classic elegance with a modern touch. Notes lean Floral · Iris · Fresh · Powdery · Green. Eau de toilette — lighter and more refreshing. Best for daytime to early evening; spring and warmer months. If you like Versace Man Eau Fraiche and Chanel Coco Mademoiselle, you will recognise the same family here. Choose this when you want something that feels intentional — strong as a signature or a gift that stands out.",19500,26325,https://cms.perfumeplugkenya.com/wp-content/uploads/Bvlgari-Omnia-Amethyst-100ml-edt-original-authentic-fragrance-in-kenya.webp,[],False,True,50,WOM-016,published,0.3,"[""designer"", ""edt"", ""floral"", ""fragrance"", ""fresh"", ""green"", ""perfume"", ""powdery"", ""premium"", ""women""]",[],"[""100ml""]"
"Bvlgari Wood Neroli - Eau de Parfum, 100ml",bvlgari-wood-neroli-eau-de-parfum-100ml,"Clean, bright and effortlessly wearable. Bvlgari Wood Neroli - Eau de Parfum, 100ml is for anyone who loves bright, energising openings. Notes lean Citrus · Floral Woody · Fresh. Best for daytime to early evening; spring and warmer months. If you like Dior Sauvage and Dolce & Gabbana Light Blue, you will recognise the same family here. Easy enough for daily wear and a reliable, elevated gift choice.",12000,16200,https://cms.perfumeplugkenya.com/wp-content/uploads/bvlgari-man-wood-neroli-918x918-1.webp,[],False,True,50,MEN-028,published,0.3,"[""citrus"", ""designer"", ""edp"", ""floral"", ""fragrance"", ""fresh"", ""men"", ""perfume"", ""woody""]",[],"[""100ml""]"
"Byredo Blanche - Eau de Parfum, 50 ml",byredo-blanche-eau-de-parfum-50-ml,"Soft, intimate and close to the skin. Byredo Blanche - Eau de Parfum, 50 ml is for the discerning wearer looking for a reliable signature scent. Notes lean Floral · Musky · Aldehydic · Powdery. Best for daytime to early evening; spring and warmer months. If you like Viktor & Rolf Flowerbomb and Gucci Bloom, you will recognise the same family here. Choose this when you want something that feels intentional — strong as a signature or a gift that stands out.",32500,43875,https://cms.perfumeplugkenya.com/wp-content/uploads/byredo-blanche-niche-perfumes-in-kenya-50ml.jpg,[],False,True,50,MEN-029,published,0.3,"[""edp"", ""floral"", ""fragrance"", ""luxury"", ""men"", ""musky"", ""niche"", ""perfume"", ""powdery"", ""premium""]",[],"[""50ml""]"
"Byredo Mojave ghost - Eau de Parfum, 100 ml (tester bottle)",byredo-mojave-ghost-eau-de-parfum-100-ml-tester-bottle,"Soft, intimate and close to the skin. Byredo Mojave ghost - Eau de Parfum, 100 ml (tester bottle) is for the man who prefers quiet confidence over loud statements. Notes lean Woody · Floral · Musky. Best for daytime to early evening; spring and warmer months. If you like Chanel Coco Mademoiselle and Gucci Bloom, you will recognise the same family here. Choose this when you want something that feels intentional — strong as a signature or a gift that stands out.",35000,47250,https://cms.perfumeplugkenya.com/wp-content/uploads/buy-Byredo-Mojave-Ghost-Eau-de-Parfum-100ML-perfume-perfumeplugkenya.com-2.webp,[],False,True,50,MEN-030,published,0.3,"[""edp"", ""floral"", ""fragrance"", ""luxury"", ""men"", ""musky"", ""niche"", ""perfume"", ""premium"", ""tester"", ""woody""]",[],"[""100ml""]"
"Byredo bal d'afrique - Eau de Parfum, 50 ml",byredo-bal-dafrique-eau-de-parfum-50-ml,"Clean, bright and effortlessly wearable. Byredo bal d'afrique - Eau de Parfum, 50 ml is for anyone who loves bright, energising openings. Notes lean Citrus · Floral · Woody. Best for daytime to early evening; spring and warmer months. If you like Viktor & Rolf Flowerbomb and Gucci Bloom, you will recognise the same family here. Choose this when you want something that feels intentional — strong as a signature or a gift that stands out.",29500,39825,https://cms.perfumeplugkenya.com/wp-content/uploads/byredo-bal-deafrique-50ml-original-niche-fragrances-in-kenya.webp,[],False,True,50,MEN-031,published,0.3,"[""citrus"", ""edp"", ""floral"", ""fragrance"", ""luxury"", ""men"", ""niche"", ""perfume"", ""premium"", ""woody""]",[],"[""50ml""]"
"Byredo gypsy water - Eau de Parfum, 100 ml",byredo-gypsy-water-eau-de-parfum-100-ml,"Spiced, warm and full of character. Byredo gypsy water - Eau de Parfum, 100 ml is for the man who enjoys warmth and a touch of boldness. Notes lean Woody · Aromatic · Citrus · Soft Spicy. Best for evenings, autumn and winter, and date nights. If you like Dior Sauvage and Bleu de Chanel, you will recognise the same family here. Choose this when you want something that feels intentional — strong as a signature or a gift that stands out.",40000,54000,https://cms.perfumeplugkenya.com/wp-content/uploads/Byredo-Gypsy-Water-EDP-100ML_perfumeplugkenya.com_-1.webp,[],False,True,50,MEN-032,published,0.3,"[""aromatic"", ""citrus"", ""edp"", ""fragrance"", ""luxury"", ""men"", ""niche"", ""perfume"", ""premium"", ""spicy"", ""woody""]",[],"[""100ml""]"
"Calvin Klein Beauty - Eau de Parfum, 100ml",calvin-klein-beauty-eau-de-parfum-100ml,"Elegant, floral and polished. Calvin Klein Beauty - Eau de Parfum, 100ml is for the woman who loves classic elegance with a modern touch. Notes lean Soft Ambrette · Radiant Jasmine · Warm Cedarwood. Best for daytime to early evening; spring and warmer months. If you like Chanel Coco Mademoiselle and Terre d'Hermès, you will recognise the same family here. Easy enough for daily wear and a reliable, elevated gift choice.",6000,8100,https://cms.perfumeplugkenya.com/wp-content/uploads/calvin-klein-beauty-eau-de-parfum-100-mls.jpg,[],False,True,50,WOM-017,published,0.3,"[""edp"", ""floral"", ""fragrance"", ""perfume"", ""women"", ""woody""]",[],"[""100ml""]"
"Calvin Klein Eternity - Eau de Toilette, 100ml",calvin-klein-eternity-eau-de-toilette-100ml,"Spiced, warm and full of character. Calvin Klein Eternity - Eau de Toilette, 100ml is for the man who enjoys warmth and a touch of boldness. Notes lean Aromatic Fougere · Aromatic · Fresh Spicy · Woody. Eau de toilette — lighter and more refreshing. Best for evenings, autumn and winter, and date nights. If you like Paco Rabanne 1 Million and Dolce & Gabbana The One, you will recognise the same family here. Easy enough for daily wear and a reliable, elevated gift choice.",6500,8775,https://cms.perfumeplugkenya.com/wp-content/uploads/calvin-klein-eternity-eau-de-toilette-100mls.webp,[],False,True,50,MEN-033,published,0.3,"[""aromatic"", ""edt"", ""fragrance"", ""fresh"", ""men"", ""perfume"", ""spicy"", ""woody""]",[],"[""100ml""]"
"Calvin Klein Eternity Moment - Eau de Parfum, 100 ml",calvin-klein-eternity-moment-eau-de-parfum-100-ml,"Warm, inviting and quietly addictive. Calvin Klein Eternity Moment - Eau de Parfum, 100 ml is for someone who enjoys soft, comforting, slightly sweet scents. Notes lean Sweet Litchi · Pink Peony · Warm Rosewood. Best for autumn and winter evenings, and cosy occasions. If you like Dior Sauvage and YSL Black Opium, you will recognise the same family here. Easy enough for daily wear and a reliable, elevated gift choice.",6500,8775,https://cms.perfumeplugkenya.com/wp-content/uploads/calvin-klein-eternity-moment-eau-de-parfum-100ml.jpg,[],False,True,50,WOM-018,published,0.3,"[""edp"", ""floral"", ""fragrance"", ""gourmand"", ""perfume"", ""women"", ""woody""]",[],"[""100ml""]"
"Calvin Klein Euphoria Women - Eau de Parfum, 100ml",calvin-klein-euphoria-women-eau-de-parfum-100ml,"Elegant, floral and polished. Calvin Klein Euphoria Women - Eau de Parfum, 100ml is for the woman who loves classic elegance with a modern touch. Notes lean Exotic floral · fruity · sensual. Best for daytime to early evening; spring and warmer months. If you like Gucci Bloom and Viktor & Rolf Flowerbomb, you will recognise the same family here. Easy enough for daily wear and a reliable, elevated gift choice.",8500,11475,https://cms.perfumeplugkenya.com/wp-content/uploads/calvin-klein-euphoria-eau-de-parfum-100-mls.jpg,[],False,True,50,WOM-019,published,0.3,"[""edp"", ""floral"", ""fragrance"", ""fruity"", ""perfume"", ""women""]",[],"[""100ml""]"
"Calvin Klein In 2 U For Men - Eau de Toilette, 100 ml",calvin-klein-in-2-u-for-men-eau-de-toilette-100-ml,"Clean, bright and effortlessly wearable. Calvin Klein In 2 U For Men - Eau de Toilette, 100 ml is for anyone who loves bright, energising openings. Notes lean Fresh Lemon · Dark Cacao Pod · Earthy Vetiver. Eau de toilette — lighter and more refreshing. Best for mornings and daytime, especially in spring and summer. If you like Issey Miyake L'Eau d'Issey and Dolce & Gabbana Light Blue, you will recognise the same family here. Easy enough for daily wear and a reliable, elevated gift choice.",5000,6750,https://cms.perfumeplugkenya.com/wp-content/uploads/calvin-klein-in-2-u-for-him-eau-de-toilette-100-ml-perfume-shop.jpg,[],False,True,50,MEN-034,published,0.3,"[""citrus"", ""edt"", ""fragrance"", ""fresh"", ""men"", ""perfume"", ""woody""]",[],"[""100ml""]"
"Calvin Klein Obsession Night - Eau de Toilette, 125 ml",calvin-klein-obsession-night-eau-de-toilette-125-ml,"Warm, inviting and quietly addictive. Calvin Klein Obsession Night - Eau de Toilette, 125 ml is for the man who enjoys sweet-meets-masculine warmth. Notes lean Sweet Pear · Warm Nutmeg · Rich Vanilla. Eau de toilette — lighter and more refreshing. Best for autumn and winter evenings, and cosy occasions. If you like Ariana Grande Cloud and Mugler Angel, you will recognise the same family here. Easy enough for daily wear and a reliable, elevated gift choice.",6500,8775,https://cms.perfumeplugkenya.com/wp-content/uploads/calvin-klein-obsession-night-eau-de-toilette-125-ml.jpg,[],False,True,50,MEN-035,published,0.3,"[""edt"", ""fragrance"", ""fruity"", ""gourmand"", ""men"", ""oriental"", ""perfume"", ""spicy""]",[],"[""125ml""]"
"Calvin Klein for Women - Eau de Parfum, 100ml",calvin-klein-for-women-eau-de-parfum-100ml,"Elegant, floral and polished. Calvin Klein for Women - Eau de Parfum, 100ml is for the woman who loves classic elegance with a modern touch. Notes lean Floral · Woody · Musky. Best for daytime to early evening; spring and warmer months. If you like Chanel Coco Mademoiselle and Miss Dior, you will recognise the same family here. Easy enough for daily wear and a reliable, elevated gift choice.",9500,12825,https://cms.perfumeplugkenya.com/wp-content/uploads/calvin-klein-women-edp-100-ml-price-in-kenya.avif,[],False,True,50,WOM-020,published,0.3,"[""edp"", ""floral"", ""fragrance"", ""musky"", ""perfume"", ""women"", ""woody""]",[],"[""100ml""]"
"Carolina Herrera 212 VIP Rose gift set - Eau de Parfum, 80 ml + 10 ml travel size",carolina-herrera-212-vip-rose-gift-set-eau-de-parfum-80-ml-10-ml-travel-size,"Elegant, floral and polished. Carolina Herrera 212 VIP Rose gift set - Eau de Parfum, 80 ml + 10 ml travel size is for the woman who loves classic elegance with a modern touch. Notes lean Fruity · Floral · Musky. Best for daytime to early evening; spring and warmer months. If you like Chanel Coco Mademoiselle and Dolce & Gabbana Light Blue, you will recognise the same family here. Comes as a set, so it is ready to give without extra wrapping stress.",15000,20250,https://cms.perfumeplugkenya.com/wp-content/uploads/carolina-herrera-ladies-212-vip-rose-gift-set-authentic-fragrance-in-kenya.webp,[],False,True,50,WOM-021,published,0.3,"[""designer"", ""edp"", ""floral"", ""fragrance"", ""fruity"", ""gift-set"", ""musky"", ""perfume"", ""premium"", ""women""]",[],"[""80ml""]"
"Carolina Herrera 212 Vip Black - Eau de Parfum, 100ml + 10ml (travel Exclusive)",carolina-herrera-212-vip-black-eau-de-parfum-100ml-10ml-travel-exclusive,"Warm, enveloping and full of depth. Carolina Herrera 212 Vip Black - Eau de Parfum, 100ml + 10ml (travel Exclusive) is for someone who wants depth, richness and evening presence. Notes lean Aromatic · Amber · Spicy. Best for cooler evenings, formal events and night-time presence. If you like Prada Luna Rossa and Mugler Angel, you will recognise the same family here. Easy enough for daily wear and a reliable, elevated gift choice.",15000,20250,https://cms.perfumeplugkenya.com/wp-content/uploads/carolina-herrera-212-vip-black-gift-set-travel-exclusive-100ml-10ml-edp.jpg,[],False,True,50,MEN-036,published,0.3,"[""aromatic"", ""designer"", ""edp"", ""fragrance"", ""men"", ""oriental"", ""perfume"", ""premium"", ""spicy""]",[],"[""100ml""]"
"Carolina Herrera Bad boy extreme - Eau de Parfum, 150 ml",carolina-herrera-bad-boy-extreme-eau-de-parfum-150-ml,"Warm, inviting and quietly addictive. Carolina Herrera Bad boy extreme - Eau de Parfum, 150 ml is for the man who enjoys sweet-meets-masculine warmth. Notes lean Spicy · Woody · Ambery · Sweet. Best for autumn and winter evenings, and cosy occasions. If you like Bleu de Chanel and Dior Sauvage, you will recognise the same family here. Choose this when you want something that feels intentional — strong as a signature or a gift that stands out.",20500,27675,https://cms.perfumeplugkenya.com/wp-content/uploads/carolina-herrera-bad-boy-extreme-edp-extreme-price-in-kenya-150ml.avif,[],False,True,50,MEN-037,published,0.3,"[""designer"", ""edp"", ""fragrance"", ""gourmand"", ""men"", ""oriental"", ""perfume"", ""premium"", ""spicy"", ""woody""]",[],"[""150ml""]"
"Carolina Herrera Good Girl - Eau de Parfum, 80 ml",carolina-herrera-good-girl-eau-de-parfum-80-ml,"Warm, inviting and quietly addictive. Carolina Herrera Good Girl - Eau de Parfum, 80 ml is for someone who enjoys soft, comforting, slightly sweet scents. Notes lean Sweet Tonka · White Floral · Dark Cocoa. Best for autumn and winter evenings, and cosy occasions. If you like Mugler Angel and Tom Ford Tobacco Vanille, you will recognise the same family here. Choose this when you want something that feels intentional — strong as a signature or a gift that stands out.",20500,27675,https://cms.perfumeplugkenya.com/wp-content/uploads/carolina-herrera-good-girl-eau-de-parfum-80ml-.png,[],False,True,50,WOM-022,published,0.3,"[""designer"", ""edp"", ""floral"", ""fragrance"", ""gourmand"", ""oriental"", ""perfume"", ""premium"", ""women""]",[],"[""80ml""]"
"Cerruti 1881 pour homme - Eau de Toilette, 100 ml",cerruti-1881-pour-homme-eau-de-toilette-100-ml,"Clean, bright and effortlessly wearable. Cerruti 1881 pour homme - Eau de Toilette, 100 ml is for the active professional who wants to feel clean and sharp all day. Notes lean Fresh Cypress · Earthy Oakmoss · Crisp Pine. Eau de toilette — lighter and more refreshing. Best for daytime, warmer months, the office and casual settings. If you like Davidoff Cool Water and Versace Man Eau Fraiche, you will recognise the same family here. Easy enough for daily wear and a reliable, elevated gift choice.",6500,8775,https://cms.perfumeplugkenya.com/wp-content/uploads/CERRUTI-1881-EDT-100ML.jpg,[],False,True,50,MEN-038,published,0.3,"[""edt"", ""fragrance"", ""fresh"", ""men"", ""perfume""]",[],"[""100ml""]"
"Chloé Love Story - Eau de Parfum, 75ml (New Packing)",chlo-love-story-eau-de-parfum-75ml-new-packing,"Elegant, floral and polished. Chloé Love Story - Eau de Parfum, 75ml (New Packing) is for the woman who loves classic elegance with a modern touch. Notes lean White floral · fresh. Best for daytime to early evening; spring and warmer months. If you like Versace Man Eau Fraiche and Acqua di Gio, you will recognise the same family here. Easy enough for daily wear and a reliable, elevated gift choice.",14500,19575,https://cms.perfumeplugkenya.com/wp-content/uploads/chloe-love-story-eau-de-parfum-75-ml-new-packing.jpg,[],False,True,50,WOM-023,published,0.3,"[""edp"", ""floral"", ""fragrance"", ""fresh"", ""perfume"", ""women""]",[],"[""75ml""]"
"Chloé Nomade - Eau de Parfum, 75ml",chlo-nomade-eau-de-parfum-75ml,"Elegant, floral and polished. Chloé Nomade - Eau de Parfum, 75ml is for the woman who loves classic elegance with a modern touch. Notes lean Fresh · floral · woody. Best for daytime to early evening; spring and warmer months. If you like Viktor & Rolf Flowerbomb and Davidoff Cool Water, you will recognise the same family here. Easy enough for daily wear and a reliable, elevated gift choice.",15500,20925,https://cms.perfumeplugkenya.com/wp-content/uploads/chloe-nomade-women-edp-75ml.jpg,[],False,True,50,WOM-024,published,0.3,"[""edp"", ""floral"", ""fragrance"", ""fresh"", ""perfume"", ""premium"", ""women"", ""woody""]",[],"[""75ml""]"
"Creed Absolu Aventus - Eau de Parfum, 100 ml",creed-absolu-aventus-eau-de-parfum-100-ml,"Spiced, warm and full of character. Creed Absolu Aventus - Eau de Parfum, 100 ml is for the man who enjoys warmth and a touch of boldness. Notes lean Citrus · Woody · Spicy · Aromatic. Best for evenings, autumn and winter, and date nights. If you like Tom Ford Oud Wood and Bleu de Chanel, you will recognise the same family here. Choose this when you want something that feels intentional — strong as a signature or a gift that stands out.",74000,99900,https://cms.perfumeplugkenya.com/wp-content/uploads/buy-in-kenya_Absolu-Aventus-100ml-Bottle_1_perfume-plug-kenya.webp,[],False,True,50,MEN-039,published,0.3,"[""aromatic"", ""citrus"", ""edp"", ""fragrance"", ""luxury"", ""men"", ""niche"", ""perfume"", ""premium"", ""spicy"", ""woody""]",[],"[""100ml""]"
"D'Hermès Terre - Pure Parfum, 75ml",dherms-terre-pure-parfum-75ml,"Clean, bright and effortlessly wearable. D'Hermès Terre - Pure Parfum, 75ml is for anyone who loves bright, energising openings. Notes lean Citrus · Earthy · Woody. Parfum concentration with deeper presence. Best for mornings and daytime, especially in spring and summer. If you like Dolce & Gabbana Light Blue and Dior Sauvage, you will recognise the same family here. Easy enough for daily wear and a reliable, elevated gift choice.",16000,21600,https://cms.perfumeplugkenya.com/wp-content/uploads/hermes-terre-d-hermes-m-edp-100ml.jpg,[],False,True,50,MEN-040,published,0.3,"[""citrus"", ""fragrance"", ""men"", ""parfum"", ""perfume"", ""premium"", ""woody""]",[],"[""75ml""]"
"DKNY Be Delicious Fresh Blossom - Eau de Parfum, 100 ml",dkny-be-delicious-fresh-blossom-eau-de-parfum-100-ml,"Elegant, floral and polished. DKNY Be Delicious Fresh Blossom - Eau de Parfum, 100 ml is for the woman who loves classic elegance with a modern touch. Notes lean Pink Grapefruit · Delicate Rose · Crisp Red Apple. Best for daytime to early evening; spring and warmer months. If you like Juicy Couture Viva La Juicy and Miss Dior, you will recognise the same family here. Easy enough for daily wear and a reliable, elevated gift choice.",7000,9450,https://cms.perfumeplugkenya.com/wp-content/uploads/Be-Delicious-Fresh-Blossom_1200x1200.webp,[],False,True,50,WOM-025,published,0.3,"[""citrus"", ""edp"", ""floral"", ""fragrance"", ""fruity"", ""perfume"", ""women""]",[],"[""100ml""]"
Davidoff Cool Water - Eau de Toilette 100 ml + Shower Gel 75ml + Body lotion 75ml Gift Set,davidoff-cool-water-eau-de-toilette-100-ml-shower-gel-75ml-body-lotion-75ml-gift-set,"Elegant, floral and polished. Davidoff Cool Water - Eau de Toilette 100 ml + Shower Gel 75ml + Body lotion 75ml Gift Set is for the woman who loves classic elegance with a modern touch. Notes lean Fresh · Aquatic · Floral. Eau de toilette — lighter and more refreshing. Best for daytime to early evening; spring and warmer months. If you like Versace Man Eau Fraiche and Gucci Bloom, you will recognise the same family here. Comes as a set, so it is ready to give without extra wrapping stress.",7500,10125,https://cms.perfumeplugkenya.com/wp-content/uploads/davidoff-cool-water-eau-de-toilette-100-ml-shower-gel-75ml-body-lotion-75ml-gift-set.jpg,[],False,True,50,WOM-026,published,0.3,"[""edt"", ""floral"", ""fragrance"", ""fresh"", ""gift-set"", ""perfume"", ""women""]",[],"[""100ml""]"
"Davidoff cool water intense for men - Eau de Parfum, 125 ml",davidoff-cool-water-intense-for-men-eau-de-parfum-125-ml,"Warm, enveloping and full of depth. Davidoff cool water intense for men - Eau de Parfum, 125 ml is for someone who wants depth, richness and evening presence. Notes lean Coconut · Amber · Fresh. Best for cooler evenings, formal events and night-time presence. If you like Acqua di Gio and Mugler Angel, you will recognise the same family here. Easy enough for daily wear and a reliable, elevated gift choice.",8500,11475,https://cms.perfumeplugkenya.com/wp-content/uploads/buy-original-fragrances-in-kenya-davidoff-cool-water-edp-intense-125ml-perfumeplugkenya.webp,[],False,True,50,MEN-041,published,0.3,"[""edp"", ""fragrance"", ""fresh"", ""men"", ""oriental"", ""perfume""]",[],"[""125ml""]"
"Dior Homme parfum - Parfum, 75 ml",dior-homme-parfum-parfum-75-ml,"Dark, textured and memorable. Dior Homme parfum - Parfum, 75 ml is for the refined wearer who likes dark, sophisticated character. Notes lean Woody · Leather · Iris. Parfum concentration with deeper presence. Best for evenings and cooler months — statement occasions. If you like Tom Ford Oud Wood and Terre d'Hermès, you will recognise the same family here. Choose this when you want something that feels intentional — strong as a signature or a gift that stands out.",27500,37125,https://cms.perfumeplugkenya.com/wp-content/uploads/buy-in-kenya-dior-homme-parfum-75ml.avif,[],False,True,50,MEN-042,published,0.3,"[""designer"", ""fragrance"", ""leather"", ""men"", ""parfum"", ""perfume"", ""premium"", ""woody""]",[],"[""75ml""]"
"Dior Sauvage - Eau de Toilette, 100 ml",dior-sauvage-eau-de-toilette-100-ml,"Spiced, warm and full of character. Dior Sauvage - Eau de Toilette, 100 ml is for the man who enjoys warmth and a touch of boldness. Notes lean Fresh Bergamot · Spicy Sichuan Pepper · Rich Ambroxan. Eau de toilette — lighter and more refreshing. Best for evenings, autumn and winter, and date nights. If you like Viktor & Rolf Spicebomb and Versace Man Eau Fraiche, you will recognise the same family here. Choose this when you want something that feels intentional — strong as a signature or a gift that stands out.",22500,30375,https://cms.perfumeplugkenya.com/wp-content/uploads/christian-dior-sauvage-eau-de-toilette-100-ml.jpg,[],False,True,50,MEN-043,published,0.3,"[""citrus"", ""designer"", ""edt"", ""fragrance"", ""fresh"", ""men"", ""perfume"", ""premium"", ""spicy""]",[],"[""100ml""]"
"Dolce & Gabbana Devotion - Eau de Parfum, 100 ml",dolce-gabbana-devotion-eau-de-parfum-100-ml,"Warm, inviting and quietly addictive. Dolce & Gabbana Devotion - Eau de Parfum, 100 ml is for someone who enjoys soft, comforting, slightly sweet scents. Notes lean Vanilla · Sweet. Best for autumn and winter evenings, and cosy occasions. If you like Lancôme La Vie Est Belle and YSL Black Opium, you will recognise the same family here. Easy enough for daily wear and a reliable, elevated gift choice.",15000,20250,https://cms.perfumeplugkenya.com/wp-content/uploads/dolce-gabbana-devotion-eau-de-parfum-100ml-price-in-kenya.png,[],False,True,50,WOM-027,published,0.3,"[""designer"", ""edp"", ""fragrance"", ""gourmand"", ""oriental"", ""perfume"", ""premium"", ""women""]",[],"[""100ml""]"
"Dolce & Gabbana Dolce Peony - Eau de Parfum, 75 ml",dolce-gabbana-dolce-peony-eau-de-parfum-75-ml,"Warm, inviting and quietly addictive. Dolce & Gabbana Dolce Peony - Eau de Parfum, 75 ml is for someone who enjoys soft, comforting, slightly sweet scents. Notes lean Floral · Fruity · Gourmand. Best for autumn and winter evenings, and cosy occasions. If you like Lancôme La Vie Est Belle and Ariana Grande Cloud, you will recognise the same family here. Easy enough for daily wear and a reliable, elevated gift choice.",10500,14175,https://cms.perfumeplugkenya.com/wp-content/uploads/dolce-gabbana-dolce-peony-original-fragrance-in-kenya.png,[],False,True,50,WOM-028,published,0.3,"[""designer"", ""edp"", ""floral"", ""fragrance"", ""fruity"", ""gourmand"", ""perfume"", ""women""]",[],"[""75ml""]"
"Dolce & Gabbana L'imperatrice - Eau de Toilette, 100ml",dolce-gabbana-limperatrice-eau-de-toilette-100ml,"Warm, inviting and quietly addictive. Dolce & Gabbana L'imperatrice - Eau de Toilette, 100ml is for someone who enjoys soft, comforting, slightly sweet scents. Notes lean Fruity Sweet. Eau de toilette — lighter and more refreshing. Best for autumn and winter evenings, and cosy occasions. If you like YSL Black Opium and Lancôme La Vie Est Belle, you will recognise the same family here. Easy enough for daily wear and a reliable, elevated gift choice.",8500,11475,https://cms.perfumeplugkenya.com/wp-content/uploads/dolce-gabbana-l-imperatrice-eau-de-toilette-100-ml.jpg,[],False,True,50,WOM-029,published,0.3,"[""designer"", ""edt"", ""fragrance"", ""fruity"", ""gourmand"", ""perfume"", ""women""]",[],"[""100ml""]"
"Dolce & Gabbana Pour Femme - Eau de Parfum, 100 ml",dolce-gabbana-pour-femme-eau-de-parfum-100-ml,"Warm, inviting and quietly addictive. Dolce & Gabbana Pour Femme - Eau de Parfum, 100 ml is for someone who enjoys soft, comforting, slightly sweet scents. Notes lean Floral · Sweet · Powdery. Best for autumn and winter evenings, and cosy occasions. If you like Ariana Grande Cloud and Chanel Coco Mademoiselle, you will recognise the same family here. Easy enough for daily wear and a reliable, elevated gift choice.",12000,16200,https://cms.perfumeplugkenya.com/wp-content/uploads/dolce_gabbana_pour_femme_for_women_edp_100ml_new_packing_1.jpg,[],False,True,50,WOM-030,published,0.3,"[""designer"", ""edp"", ""floral"", ""fragrance"", ""gourmand"", ""perfume"", ""powdery"", ""women""]",[],"[""100ml""]"
"Dolce & Gabbana The One For Men - Eau de Parfum Intense, 100ml",dolce-gabbana-the-one-for-men-eau-de-parfum-intense-100ml,"Warm, enveloping and full of depth. Dolce & Gabbana The One For Men - Eau de Parfum Intense, 100ml is for someone who wants depth, richness and evening presence. Notes lean Amber · Woody · Aromatic. Best for cooler evenings, formal events and night-time presence. If you like YSL Y and Terre d'Hermès, you will recognise the same family here. Easy enough for daily wear and a reliable, elevated gift choice.",12500,16875,https://cms.perfumeplugkenya.com/wp-content/uploads/dolce-gabbana-the-one-edp-intense-100ml-original-fragrance-in-kenya.jpg,[],False,True,50,MEN-044,published,0.3,"[""aromatic"", ""designer"", ""edp"", ""fragrance"", ""men"", ""oriental"", ""perfume"", ""woody""]",[],"[""100ml""]"
"Dolce & Gabbana The One For Men - Eau de Parfum, 100 ml",dolce-gabbana-the-one-for-men-eau-de-parfum-100-ml,"Dark, textured and memorable. Dolce & Gabbana The One For Men - Eau de Parfum, 100 ml is for anyone drawn to smoky, atmospheric fragrances. Notes lean Spicy Cardamom · Warm Tobacco · Rich Amber. Best for night-time and colder seasons. If you like Emporio Armani Stronger With You and Mugler Angel, you will recognise the same family here. Easy enough for daily wear and a reliable, elevated gift choice.",12500,16875,https://cms.perfumeplugkenya.com/wp-content/uploads/dolce-gabbana-the-one-best-price-in-kenya-100ml.jpg,[],False,True,50,MEN-045,published,0.3,"[""designer"", ""edp"", ""fragrance"", ""men"", ""oriental"", ""perfume"", ""smoky"", ""spicy""]",[],"[""100ml""]"
"Dolce & Gabbana The Only One - Eau de Parfum, 100ml",dolce-gabbana-the-only-one-eau-de-parfum-100ml,"Warm, enveloping and full of depth. Dolce & Gabbana The Only One - Eau de Parfum, 100ml is for the woman who wants warmth, depth and evening allure. Notes lean Amber-Vanilla. Best for cooler evenings, formal events and night-time presence. If you like Tom Ford Tobacco Vanille and Mugler Angel, you will recognise the same family here. Easy enough for daily wear and a reliable, elevated gift choice.",14000,18900,https://cms.perfumeplugkenya.com/wp-content/uploads/dolce-gabbana-the-only-one-eau-de-parfum-100-mls.jpg,[],False,True,50,WOM-031,published,0.3,"[""designer"", ""edp"", ""fragrance"", ""oriental"", ""perfume"", ""women""]",[],"[""100ml""]"
"Dolce & Gabbana The Only One Intense - Eau de Parfum, 100 ml",dolce-gabbana-the-only-one-intense-eau-de-parfum-100-ml,"Elegant, floral and polished. Dolce & Gabbana The Only One Intense - Eau de Parfum, 100 ml is for the woman who loves classic elegance with a modern touch. Notes lean White Floral. Best for daytime to early evening; spring and warmer months. If you like Chanel Coco Mademoiselle and Miss Dior, you will recognise the same family here. Easy enough for daily wear and a reliable, elevated gift choice.",15500,20925,https://cms.perfumeplugkenya.com/wp-content/uploads/dolce-gabbana-the-only-one-intense-edp-100ml.png,[],False,True,50,WOM-032,published,0.3,"[""designer"", ""edp"", ""floral"", ""fragrance"", ""perfume"", ""premium"", ""women""]",[],"[""100ml""]"
"Dolce & Gabbana Velvet Desert Oud - Eau de Parfum, 100 ml",dolce-gabbana-velvet-desert-oud-eau-de-parfum-100-ml,"Rich, resinous and unmistakably luxurious. Dolce & Gabbana Velvet Desert Oud - Eau de Parfum, 100 ml is for the woman who wants dramatic, luxurious depth. Built around woods. Best for evening wear and special occasions when you want presence. If you like Bleu de Chanel and Dior Sauvage, you will recognise the same family here. Choose this when you want something that feels intentional — strong as a signature or a gift that stands out.",42500,57375,https://cms.perfumeplugkenya.com/wp-content/uploads/dolce-gabbana-velvet-desert-oud-eau-de-parfum-50ml.jpg,[],False,True,50,WOM-033,published,0.3,"[""arabic"", ""designer"", ""edp"", ""fragrance"", ""luxury"", ""middle-eastern"", ""perfume"", ""premium"", ""women"", ""woody""]",[],"[""100ml""]"
"Dolce & Gabbana light blue for her - Eau de Toilette, 200 ml",dolce-gabbana-light-blue-for-her-eau-de-toilette-200-ml,"Bright, cheerful and easy to love. Dolce & Gabbana light blue for her - Eau de Toilette, 200 ml is for the playful spirit who likes bright and cheerful fragrances. Notes lean Fresh Citrus · Woody · Crisp Apple. Eau de toilette — lighter and more refreshing. Best for daytime, casual outings and warmer weather. If you like Acqua di Gio and Marc Jacobs Daisy, you will recognise the same family here. Easy enough for daily wear and a reliable, elevated gift choice.",18000,24300,https://cms.perfumeplugkenya.com/wp-content/uploads/VT01JMVT000_9V000_0.jpg,[],False,True,50,WOM-034,published,0.3,"[""citrus"", ""designer"", ""edt"", ""fragrance"", ""fresh"", ""fruity"", ""perfume"", ""premium"", ""women"", ""woody""]",[],"[""200ml""]"
"Dunhill Icon Racing - Eau de Parfum, 100ml",dunhill-icon-racing-eau-de-parfum-100ml,"Clean, bright and effortlessly wearable. Dunhill Icon Racing - Eau de Parfum, 100ml is for anyone who loves bright, energising openings. Notes lean Woody Aromatic · Citrus · Aromatic · Woody. Best for mornings and daytime, especially in spring and summer. If you like Montblanc Legend and Chanel Allure Homme Sport, you will recognise the same family here. Easy enough for daily wear and a reliable, elevated gift choice.",9500,12825,https://cms.perfumeplugkenya.com/wp-content/uploads/dunhill-icon-racing-eau-de-parfum-100-mls.jpg,[],False,True,50,MEN-046,published,0.3,"[""aromatic"", ""citrus"", ""edp"", ""fragrance"", ""men"", ""perfume"", ""woody""]",[],"[""100ml""]"
"Elie Saab Girl Of Now - Eau de Parfum, 90 ml",elie-saab-girl-of-now-eau-de-parfum-90-ml,"Warm, inviting and quietly addictive. Elie Saab Girl Of Now - Eau de Parfum, 90 ml is for someone who enjoys soft, comforting, slightly sweet scents. Notes lean Gourmand · Nutty · Floral. Best for autumn and winter evenings, and cosy occasions. If you like Mugler Angel and YSL Black Opium, you will recognise the same family here. Easy enough for daily wear and a reliable, elevated gift choice.",12500,16875,https://cms.perfumeplugkenya.com/wp-content/uploads/elie-saab-girl-of-now-eau-de-parfum-90-ml.jpg,[],False,True,50,WOM-035,published,0.3,"[""edp"", ""floral"", ""fragrance"", ""gourmand"", ""perfume"", ""women""]",[],"[""90ml""]"
"Elie Saab Girl Of Now Shine - Eau de Parfum, 90 ml",elie-saab-girl-of-now-shine-eau-de-parfum-90-ml,"Warm, inviting and quietly addictive. Elie Saab Girl Of Now Shine - Eau de Parfum, 90 ml is for someone who enjoys soft, comforting, slightly sweet scents. Notes lean Sweet Pineapple · Roasted Almond · Warm Vanilla. Best for autumn and winter evenings, and cosy occasions. If you like Dolce & Gabbana Light Blue and Juicy Couture Viva La Juicy, you will recognise the same family here. Easy enough for daily wear and a reliable, elevated gift choice.",12500,16875,https://cms.perfumeplugkenya.com/wp-content/uploads/elie-saab-girl-of-now-perfume-for-women-90-ml.webp,[],False,True,50,WOM-036,published,0.3,"[""edp"", ""fragrance"", ""fruity"", ""gourmand"", ""oriental"", ""perfume"", ""women""]",[],"[""90ml""]"
"Elie Saab Le Parfum - Eau de Parfum, 90ml",elie-saab-le-parfum-eau-de-parfum-90ml,"Warm, inviting and quietly addictive. Elie Saab Le Parfum - Eau de Parfum, 90ml is for someone who enjoys soft, comforting, slightly sweet scents. Notes lean Radiant Orange Blossom · Luminous Jasmine · Sweet Rose Honey. Best for autumn and winter evenings, and cosy occasions. If you like Lancôme La Vie Est Belle and YSL Black Opium, you will recognise the same family here. Easy enough for daily wear and a reliable, elevated gift choice.",14500,19575,https://cms.perfumeplugkenya.com/wp-content/uploads/elie-saab-le-perfume-edp-90ml.jpg,[],False,True,50,WOM-037,published,0.3,"[""citrus"", ""edp"", ""floral"", ""fragrance"", ""gourmand"", ""perfume"", ""women""]",[],"[""90ml""]"
"Elie Saab Le Parfum Royal - Eau de Parfum, 90ml",elie-saab-le-parfum-royal-eau-de-parfum-90ml,"Elegant, floral and polished. Elie Saab Le Parfum Royal - Eau de Parfum, 90ml is for the woman who loves classic elegance with a modern touch. Notes lean chrype floral · woody · citrus. Best for daytime to early evening; spring and warmer months. If you like Miss Dior and Acqua di Gio, you will recognise the same family here. Easy enough for daily wear and a reliable, elevated gift choice.",12000,16200,https://cms.perfumeplugkenya.com/wp-content/uploads/elie-saab-le-parfum-royal-w-edp-90ml-1.jpg,[],False,True,50,WOM-038,published,0.3,"[""citrus"", ""edp"", ""floral"", ""fragrance"", ""perfume"", ""women"", ""woody""]",[],"[""90ml""]"
"Elie Saab l'homme - Eau de Parfum, 100 ml",elie-saab-lhomme-eau-de-parfum-100-ml,"Spiced, warm and full of character. Elie Saab l'homme - Eau de Parfum, 100 ml is for the man who enjoys warmth and a touch of boldness. Notes lean Woody · Spicy · Aromatic. Best for evenings, autumn and winter, and date nights. If you like Dior Sauvage and Paco Rabanne 1 Million, you will recognise the same family here. Easy enough for daily wear and a reliable, elevated gift choice.",10500,14175,https://cms.perfumeplugkenya.com/wp-content/uploads/original-fragrances-in-kenya-elie-saab-lhomme-edp-for-men-100ml-2.jpg,[],False,True,50,MEN-047,published,0.3,"[""aromatic"", ""edp"", ""fragrance"", ""men"", ""perfume"", ""spicy"", ""woody""]",[],"[""100ml""]"
"Elizabeth Arden 5th Avenue - Eau de Parfum, 125ml",elizabeth-arden-5th-avenue-eau-de-parfum-125ml,"Elegant, floral and polished. Elizabeth Arden 5th Avenue - Eau de Parfum, 125ml is for the woman who loves classic elegance with a modern touch. Notes lean Delicate Linden Blossom · Radiant Jasmine · Soft Musk. Best for daytime to early evening; spring and warmer months. If you like Viktor & Rolf Flowerbomb and Byredo Blanche, you will recognise the same family here. Easy enough for daily wear and a reliable, elevated gift choice.",5500,7425,https://cms.perfumeplugkenya.com/wp-content/uploads/elizabeth-arden-5th-avenue-eau-de-parfum-125-ml1.jpg,[],False,True,50,WOM-039,published,0.3,"[""edp"", ""floral"", ""fragrance"", ""musky"", ""perfume"", ""women""]",[],"[""125ml""]"
"Elizabeth Arden Green Tea - eau parfumee, 100 ml",elizabeth-arden-green-tea-eau-parfumee-100-ml,"Spiced, warm and full of character. Elizabeth Arden Green Tea - eau parfumee, 100 ml is for the bold personality who enjoys spice with femininity. Notes lean Zesty Lemon · Fresh Green Tea · Cool Peppermint. Best for evenings, autumn and winter, and date nights. If you like Dolce & Gabbana Light Blue and Davidoff Cool Water, you will recognise the same family here. Easy enough for daily wear and a reliable, elevated gift choice.",4500,6075,https://cms.perfumeplugkenya.com/wp-content/uploads/green-tea-scent-spray.jpg,[],False,True,50,WOM-040,published,0.3,"[""citrus"", ""edp"", ""fragrance"", ""fresh"", ""green"", ""perfume"", ""spicy"", ""women""]",[],"[""100ml""]"
"Elizabeth Arden White Tea - Eau de Toilette, 100ml",elizabeth-arden-white-tea-eau-de-toilette-100ml,"Soft, intimate and close to the skin. Elizabeth Arden White Tea - Eau de Toilette, 100ml is for the minimalist who loves skin-like, intimate scents. Notes lean Crisp Sea Breeze · Delicate White Tea · Soft Ambrette Musk. Eau de toilette — lighter and more refreshing. Best for intimate settings, everyday wear and layering. If you like Narciso Rodriguez for Her and Byredo Blanche, you will recognise the same family here. Easy enough for daily wear and a reliable, elevated gift choice.",5000,6750,https://cms.perfumeplugkenya.com/wp-content/uploads/elizabeth-arden-white-tea-eau-de-toilette-100-cheap-perfume-in-kenya.jpg,[],False,True,50,WOM-041,published,0.3,"[""edt"", ""fragrance"", ""musky"", ""perfume"", ""women""]",[],"[""100ml""]"
"Elizabeth Arden White Tea Ginger Lilly - Eau de Toilette, 100ml",elizabeth-arden-white-tea-ginger-lilly-eau-de-toilette-100ml,"Spiced, warm and full of character. Elizabeth Arden White Tea Ginger Lilly - Eau de Toilette, 100ml is for the bold personality who enjoys spice with femininity. Notes lean Floral · warm Spicy. Eau de toilette — lighter and more refreshing. Best for evenings, autumn and winter, and date nights. If you like Paco Rabanne 1 Million and Emporio Armani Stronger With You, you will recognise the same family here. Easy enough for daily wear and a reliable, elevated gift choice.",5000,6750,https://cms.perfumeplugkenya.com/wp-content/uploads/elizabeth-arden-white-tea-ginger-lily-eau-de-toilette-100-ml.jpg,[],False,True,50,WOM-042,published,0.3,"[""edt"", ""floral"", ""fragrance"", ""perfume"", ""spicy"", ""women""]",[],"[""100ml""]"
"Elizabeth Arden White Tea Mandarin Blossom - Eau de Toilette, 100 ml",elizabeth-arden-white-tea-mandarin-blossom-eau-de-toilette-100-ml,"Warm, enveloping and full of depth. Elizabeth Arden White Tea Mandarin Blossom - Eau de Toilette, 100 ml is for the woman who wants warmth, depth and evening allure. Notes lean Citrus Oriental. Eau de toilette — lighter and more refreshing. Best for cooler evenings, formal events and night-time presence. If you like Tom Ford Tobacco Vanille and Chanel Allure Homme Sport, you will recognise the same family here. Easy enough for daily wear and a reliable, elevated gift choice.",5000,6750,https://cms.perfumeplugkenya.com/wp-content/uploads/White-Tea-Mandarin-Blossom-100ML-EDT.jpg,[],False,True,50,WOM-043,published,0.3,"[""citrus"", ""edt"", ""fragrance"", ""oriental"", ""perfume"", ""women""]",[],"[""100ml""]"
"Escada Especially - Eau de Parfum, 75ml",escada-especially-eau-de-parfum-75ml,"Elegant, floral and polished. Escada Especially - Eau de Parfum, 75ml is for the woman who loves classic elegance with a modern touch. Notes lean Floral · Rose · Aquatic. Best for daytime to early evening; spring and warmer months. If you like Miss Dior and Davidoff Cool Water, you will recognise the same family here. Easy enough for daily wear and a reliable, elevated gift choice.",6000,8100,https://cms.perfumeplugkenya.com/wp-content/uploads/escada-especially-price-in-kenya-www.perfumeplugkenya.com_.jpg,[],False,True,50,WOM-044,published,0.3,"[""edp"", ""floral"", ""fragrance"", ""fresh"", ""perfume"", ""women""]",[],"[""75ml""]"
"Escada Magnetism - Eau de Parfum, 75ml",escada-magnetism-eau-de-parfum-75ml,"Warm, inviting and quietly addictive. Escada Magnetism - Eau de Parfum, 75ml is for someone who enjoys soft, comforting, slightly sweet scents. Notes lean Sweet Caramel · Red Berries · Powdery Vanilla. Best for autumn and winter evenings, and cosy occasions. If you like YSL Black Opium and Lancôme La Vie Est Belle, you will recognise the same family here. Easy enough for daily wear and a reliable, elevated gift choice.",6800,9180,https://cms.perfumeplugkenya.com/wp-content/uploads/Magnetism.jpg,[],False,True,50,WOM-045,published,0.3,"[""edp"", ""fragrance"", ""gourmand"", ""oriental"", ""perfume"", ""powdery"", ""women""]",[],"[""75ml""]"
"Estée Lauder Beautiful - Eau de Parfum, 75ml",este-lauder-beautiful-eau-de-parfum-75ml,"Elegant, floral and polished. Estée Lauder Beautiful - Eau de Parfum, 75ml is for the woman who loves classic elegance with a modern touch. Notes lean Floral. Best for daytime to early evening; spring and warmer months. If you like Chanel Coco Mademoiselle and Miss Dior, you will recognise the same family here. Easy enough for daily wear and a reliable, elevated gift choice.",9000,12150,https://cms.perfumeplugkenya.com/wp-content/uploads/estee-lauder-beautiful-eau-de-parfum-75-ml.webp,[],False,True,50,WOM-046,published,0.3,"[""edp"", ""floral"", ""fragrance"", ""perfume"", ""women""]",[],"[""75ml""]"
Estée Lauder pleasures Intense 100ml EDP,este-lauder-pleasures-intense-100ml-edp,"Elegant, floral and polished. Estée Lauder pleasures Intense 100ml EDP is for the woman who loves classic elegance with a modern touch. Notes lean Lush Floral. Best for daytime to early evening; spring and warmer months. If you like Viktor & Rolf Flowerbomb and Gucci Bloom, you will recognise the same family here. Easy enough for daily wear and a reliable, elevated gift choice.",10500,14175,https://cms.perfumeplugkenya.com/wp-content/uploads/Estee-Lauder-Pleasures-Intense-EDP-100ml.jpg,[],False,True,50,WOM-047,published,0.3,"[""edp"", ""floral"", ""fragrance"", ""perfume"", ""women""]",[],"[""100ml""]"
"Ex Nihilo Blue Talisman - Eau de Parfum, 100 ml",ex-nihilo-blue-talisman-eau-de-parfum-100-ml,"Warm, enveloping and full of depth. Ex Nihilo Blue Talisman - Eau de Parfum, 100 ml is for someone who wants depth, richness and evening presence. Notes lean Woody · Amber · Fresh. Best for cooler evenings, formal events and night-time presence. If you like Issey Miyake L'Eau d'Issey and Dior Sauvage, you will recognise the same family here. Choose this when you want something that feels intentional — strong as a signature or a gift that stands out.",58500,78975,https://cms.perfumeplugkenya.com/wp-content/uploads/blue-talisman-edp-ex-nihilo_kCPwM2YOl.webp,[],False,True,50,MEN-048,published,0.3,"[""edp"", ""fragrance"", ""fresh"", ""luxury"", ""men"", ""niche"", ""oriental"", ""perfume"", ""premium"", ""woody""]",[],"[""100ml""]"
Gift Voucher - Give the gift of choice. Let them find their scent.,gift-voucher-give-the-gift-of-choice-let-them-find-their-scent,"Masculine, composed and made to last. Gift Voucher - Give the gift of choice. Let them find their scent. is for the discerning wearer looking for a reliable signature scent. A clear, well-balanced composition. Best for year-round wear depending on your preference. If you like Bleu de Chanel and Dior Sauvage, you will recognise the same family here. Comes as a set, so it is ready to give without extra wrapping stress.",5000,6750,https://cms.perfumeplugkenya.com/wp-content/uploads/WhatsApp-Image-2026-06-11-at-09.35.55.jpeg,[],False,True,50,MEN-049,published,0.3,"[""edp"", ""fragrance"", ""gift-set"", ""men"", ""perfume""]",[],[]
Giorgio Armani Acqua Di Gio Profondo 125ml EDP - Premium Men's Perfume,giorgio-armani-acqua-di-gio-profondo-125ml-edp-premium-mens-perfume,"Clean, bright and effortlessly wearable. Giorgio Armani Acqua Di Gio Profondo 125ml EDP - Premium Men's Perfume is for the active professional who wants to feel clean and sharp all day. Notes lean Fougere Aromatic Aquatic. Best for daytime, warmer months, the office and casual settings. If you like Montblanc Legend and Issey Miyake L'Eau d'Issey, you will recognise the same family here. Choose this when you want something that feels intentional — strong as a signature or a gift that stands out.",20000,27000,https://cms.perfumeplugkenya.com/wp-content/uploads/giorgio-armani-acqua-di-gio-profondo-eau-de-parfum-125-ml.webp,[],False,True,50,MEN-050,published,0.3,"[""aromatic"", ""designer"", ""edp"", ""fragrance"", ""fresh"", ""men"", ""perfume"", ""premium""]",[],"[""125ml""]"
"Giorgio Armani I will - Eau de Parfum, 100 ml",giorgio-armani-i-will-eau-de-parfum-100-ml,"Warm, enveloping and full of depth. Giorgio Armani I will - Eau de Parfum, 100 ml is for someone who wants depth, richness and evening presence. Notes lean Woody · Vanilla · Aromatic. Best for cooler evenings, formal events and night-time presence. If you like Mugler Angel and Tom Ford Oud Wood, you will recognise the same family here. Choose this when you want something that feels intentional — strong as a signature or a gift that stands out.",27000,36450,https://cms.perfumeplugkenya.com/wp-content/uploads/giorgio-armani-i-will-edp-100ml-new-fragrance-relese-price-in-kenya.jpg,[],False,True,50,MEN-051,published,0.3,"[""aromatic"", ""designer"", ""edp"", ""fragrance"", ""men"", ""oriental"", ""perfume"", ""premium"", ""woody""]",[],"[""100ml""]"
"Giorgio Armani My Way - Eau de Parfum, 90ml",giorgio-armani-my-way-eau-de-parfum-90ml,"Warm, enveloping and full of depth. Giorgio Armani My Way - Eau de Parfum, 90ml is for the woman who wants warmth, depth and evening allure. Notes lean Floral · Citrus · Vanilla. Best for cooler evenings, formal events and night-time presence. If you like Dolce & Gabbana Light Blue and Chanel Allure Homme Sport, you will recognise the same family here. Choose this when you want something that feels intentional — strong as a signature or a gift that stands out.",19500,26325,https://cms.perfumeplugkenya.com/wp-content/uploads/buy-original-giorgio-armani-my-way-fragrance-in-kenya-90ml-edp.avif,[],False,True,50,WOM-048,published,0.3,"[""citrus"", ""designer"", ""edp"", ""floral"", ""fragrance"", ""oriental"", ""perfume"", ""premium"", ""women""]",[],"[""90ml""]"
"Giorgio Armani Prive Rouge Malachite - Eau de Parfum, 100 ml (tester bottle)",giorgio-armani-prive-rouge-malachite-eau-de-parfum-100-ml-tester-bottle,"Warm, inviting and quietly addictive. Giorgio Armani Prive Rouge Malachite - Eau de Parfum, 100 ml (tester bottle) is for someone who enjoys soft, comforting, slightly sweet scents. Notes lean Floral · Ambery · Spicy · Creamy. Best for autumn and winter evenings, and cosy occasions. If you like Ariana Grande Cloud and Viktor & Rolf Spicebomb, you will recognise the same family here. Choose this when you want something that feels intentional — strong as a signature or a gift that stands out.",39000,52650,https://cms.perfumeplugkenya.com/wp-content/uploads/giorgio-armani-prive-rouge-malachite-edp-100-ml-perfume-plugkenya.avif,[],False,True,50,WOM-049,published,0.3,"[""designer"", ""edp"", ""floral"", ""fragrance"", ""gourmand"", ""luxury"", ""oriental"", ""perfume"", ""premium"", ""spicy"", ""tester"", ""women""]",[],"[""100ml""]"
"Giorgio Armani SI - Eau de Parfum, 100ml",giorgio-armani-si-eau-de-parfum-100ml,"Warm, enveloping and full of depth. Giorgio Armani SI - Eau de Parfum, 100ml is for the woman who wants warmth, depth and evening allure. Notes lean Blackcurrant · Floral · Vanilla. Best for cooler evenings, formal events and night-time presence. If you like Chanel Coco Mademoiselle and Tom Ford Tobacco Vanille, you will recognise the same family here. Choose this when you want something that feels intentional — strong as a signature or a gift that stands out.",19500,26325,https://cms.perfumeplugkenya.com/wp-content/uploads/buy-original-giorgio-armani-si-fragrance-in-kenya-100-ml-edp.avif,[],False,True,50,WOM-050,published,0.3,"[""designer"", ""edp"", ""floral"", ""fragrance"", ""oriental"", ""perfume"", ""premium"", ""women""]",[],"[""100ml""]"
"Giorgio Armani Si Passione - Eau de Parfum, 100ml",giorgio-armani-si-passione-eau-de-parfum-100ml,"Elegant, floral and polished. Giorgio Armani Si Passione - Eau de Parfum, 100ml is for the woman who loves classic elegance with a modern touch. Notes lean Fruity floral. Best for daytime to early evening; spring and warmer months. If you like Carolina Herrera Good Girl and Dolce & Gabbana Light Blue, you will recognise the same family here. Choose this when you want something that feels intentional — strong as a signature or a gift that stands out.",21500,29025,https://cms.perfumeplugkenya.com/wp-content/uploads/giorgio-armani-si-passione-eau-de-parfum-100-ml.jpg,[],False,True,50,WOM-051,published,0.3,"[""designer"", ""edp"", ""floral"", ""fragrance"", ""fruity"", ""perfume"", ""premium"", ""women""]",[],"[""100ml""]"
"Giorgio Armani Stronger With You Absolutely - Parfum, 100 ml",giorgio-armani-stronger-with-you-absolutely-parfum-100-ml,"Masculine, composed and made to last. Giorgio Armani Stronger With You Absolutely - Parfum, 100 ml is for the discerning wearer looking for a reliable signature scent. Notes lean Warm · boozy · seductive. Parfum concentration with deeper presence. Best for year-round wear depending on your preference. If you like Dior Sauvage and Bleu de Chanel, you will recognise the same family here. Choose this when you want something that feels intentional — strong as a signature or a gift that stands out.",19000,25650,https://cms.perfumeplugkenya.com/wp-content/uploads/giorgio-armani-stronger-with-you-absolutely-parfum-100ml-.avif,[],False,True,50,MEN-052,published,0.3,"[""boozy"", ""designer"", ""fragrance"", ""men"", ""parfum"", ""perfume"", ""premium""]",[],"[""100ml""]"
"Giorgio Armani Stronger With You Intensely - Eau de Parfum, 100ml",giorgio-armani-stronger-with-you-intensely-eau-de-parfum-100ml,"Warm, inviting and quietly addictive. Giorgio Armani Stronger With You Intensely - Eau de Parfum, 100ml is for the man who enjoys sweet-meets-masculine warmth. Notes lean Warm spicy · sweet · aromatic. Best for autumn and winter evenings, and cosy occasions. If you like Montblanc Legend and Bleu de Chanel, you will recognise the same family here. Easy enough for daily wear and a reliable, elevated gift choice.",18000,24300,https://cms.perfumeplugkenya.com/wp-content/uploads/giorgio-armani-stronger-with-you-intensely-eau-de-parfum-100-ml-1.jpg,[],False,True,50,MEN-053,published,0.3,"[""aromatic"", ""designer"", ""edp"", ""fragrance"", ""gourmand"", ""men"", ""perfume"", ""premium"", ""spicy""]",[],"[""100ml""]"
"Giorgio Armani stronger with you spices - Eau de Parfum, 100 ml",giorgio-armani-stronger-with-you-spices-eau-de-parfum-100-ml,"Warm, enveloping and full of depth. Giorgio Armani stronger with you spices - Eau de Parfum, 100 ml is for someone who wants depth, richness and evening presence. Notes lean Spicy · Vanilla · Woody. Best for cooler evenings, formal events and night-time presence. If you like Terre d'Hermès and YSL Black Opium, you will recognise the same family here. Choose this when you want something that feels intentional — strong as a signature or a gift that stands out.",21500,29025,https://cms.perfumeplugkenya.com/wp-content/uploads/buy-original-fragrances-in-kenya-emporio-armani-stronger-with-you-spices_100ml-edp.jpg,[],False,True,50,MEN-054,published,0.3,"[""designer"", ""edp"", ""fragrance"", ""men"", ""oriental"", ""perfume"", ""premium"", ""spicy"", ""woody""]",[],"[""100ml""]"
"Givenchy Gentleman - Eau de Parfum, 100ml",givenchy-gentleman-eau-de-parfum-100ml,"Warm, enveloping and full of depth. Givenchy Gentleman - Eau de Parfum, 100ml is for someone who wants depth, richness and evening presence. Notes lean Woody · Floral · Powdery Floral · Warm Spicy · Vanilla. Best for cooler evenings, formal events and night-time presence. If you like Bleu de Chanel and Terre d'Hermès, you will recognise the same family here. Easy enough for daily wear and a reliable, elevated gift choice.",16500,22275,https://cms.perfumeplugkenya.com/wp-content/uploads/Givenchy-Gentleman-EDP-100ml.jpg,[],False,True,50,MEN-055,published,0.3,"[""designer"", ""edp"", ""floral"", ""fragrance"", ""men"", ""oriental"", ""perfume"", ""powdery"", ""premium"", ""spicy"", ""woody""]",[],"[""100ml""]"
"Givenchy Gentleman Reserve Privee - Eau de Parfum, 100ml",givenchy-gentleman-reserve-privee-eau-de-parfum-100ml,"Warm, enveloping and full of depth. Givenchy Gentleman Reserve Privee - Eau de Parfum, 100ml is for someone who wants depth, richness and evening presence. Notes lean Amber · Woody. Best for cooler evenings, formal events and night-time presence. If you like Bleu de Chanel and Terre d'Hermès, you will recognise the same family here. Easy enough for daily wear and a reliable, elevated gift choice.",18000,24300,https://cms.perfumeplugkenya.com/wp-content/uploads/givenchy-gentleman-reserve-privee-100-ml-eau-de-parfum-price-in-kenya.webp,[],False,True,50,MEN-056,published,0.3,"[""designer"", ""edp"", ""fragrance"", ""men"", ""oriental"", ""perfume"", ""premium"", ""woody""]",[],"[""100ml""]"
"Givenchy Gentleman Society extreme - Eau de Parfum, 100ml",givenchy-gentleman-society-extreme-eau-de-parfum-100ml,"Warm, enveloping and full of depth. Givenchy Gentleman Society extreme - Eau de Parfum, 100ml is for someone who wants depth, richness and evening presence. Notes lean Woody · Spicy · Vanilla. Best for cooler evenings, formal events and night-time presence. If you like Mugler Angel and Viktor & Rolf Spicebomb, you will recognise the same family here. Easy enough for daily wear and a reliable, elevated gift choice.",16000,21600,https://cms.perfumeplugkenya.com/wp-content/uploads/Givenchy-gentleman-society-extreme-eau-de-parfum-100-ml-kenya.webp,[],False,True,50,MEN-057,published,0.3,"[""designer"", ""edp"", ""fragrance"", ""men"", ""oriental"", ""perfume"", ""premium"", ""spicy"", ""woody""]",[],"[""100ml""]"
"Givenchy Hot Couture - Eau de Parfum, 100 ml",givenchy-hot-couture-eau-de-parfum-100-ml,"Dark, textured and memorable. Givenchy Hot Couture - Eau de Parfum, 100 ml is for the bold personality who enjoys spice with femininity. Notes lean Raspberry · Spicy · Smoky. Best for night-time and colder seasons. If you like Paco Rabanne 1 Million and Juicy Couture Viva La Juicy, you will recognise the same family here. Easy enough for daily wear and a reliable, elevated gift choice.",15500,20925,https://cms.perfumeplugkenya.com/wp-content/uploads/givenchy-hot-couture-eau-de-parfum-100-ml-original-designer-fragrances-in-kenya-perfumeplugkenya.jpg,[],False,True,50,WOM-052,published,0.3,"[""designer"", ""edp"", ""fragrance"", ""fruity"", ""perfume"", ""premium"", ""smoky"", ""spicy"", ""women""]",[],"[""100ml""]"
"Givenchy L'Interdit - Eau de Parfum, 80ml",givenchy-linterdit-eau-de-parfum-80ml,"Warm, enveloping and full of depth. Givenchy L'Interdit - Eau de Parfum, 80ml is for the woman who wants warmth, depth and evening allure. Notes lean Amber floral · Tuberose. Best for cooler evenings, formal events and night-time presence. If you like Miss Dior and Chanel Coco Mademoiselle, you will recognise the same family here. Easy enough for daily wear and a reliable, elevated gift choice.",18000,24300,https://cms.perfumeplugkenya.com/wp-content/uploads/Givenchy-linterdit-eau-de-parfum-80-ml.webp,[],False,True,50,WOM-053,published,0.3,"[""designer"", ""edp"", ""floral"", ""fragrance"", ""oriental"", ""perfume"", ""premium"", ""women""]",[],"[""80ml""]"
"Givenchy L'interdit Rouge - Eau de Parfum, 80 ml",givenchy-linterdit-rouge-eau-de-parfum-80-ml,"Refined, feminine and easy to live in. Givenchy L'interdit Rouge - Eau de Parfum, 80 ml is for the woman who wants a scent that feels considered and polished. A clear, well-balanced composition. Best for year-round wear depending on your preference. If you like Chanel Coco Mademoiselle and YSL Black Opium, you will recognise the same family here. Choose this when you want something that feels intentional — strong as a signature or a gift that stands out.",21000,28350,https://cms.perfumeplugkenya.com/wp-content/uploads/givenchy-linterdit-rouge-eau-de-parfum-80ml.jpg,[],False,True,50,WOM-054,published,0.3,"[""designer"", ""edp"", ""fragrance"", ""perfume"", ""premium"", ""women""]",[],"[""80ml""]"
"Goldfield & Banks Ingenious Ginger - Eau de Parfum, 100 ml",goldfield-banks-ingenious-ginger-eau-de-parfum-100-ml,"Spiced, warm and full of character. Goldfield & Banks Ingenious Ginger - Eau de Parfum, 100 ml is for the man who enjoys warmth and a touch of boldness. Notes lean Spicy · Citrus · Woody. Best for evenings, autumn and winter, and date nights. If you like Viktor & Rolf Spicebomb and Chanel Allure Homme Sport, you will recognise the same family here. Choose this when you want something that feels intentional — strong as a signature or a gift that stands out.",32500,43875,https://cms.perfumeplugkenya.com/wp-content/uploads/Goldfield-Banks-Australia-Ingenious-Ginger-100ML_perfumeplugkenya.com-niche-perfumes-in-kenya.webp,[],False,True,50,MEN-058,published,0.3,"[""citrus"", ""edp"", ""fragrance"", ""luxury"", ""men"", ""niche"", ""perfume"", ""premium"", ""spicy"", ""woody""]",[],"[""100ml""]"
"Gucci Bloom - Eau de Parfum, 100ml",gucci-bloom-eau-de-parfum-100ml,"Warm, inviting and quietly addictive. Gucci Bloom - Eau de Parfum, 100ml is for someone who enjoys soft, comforting, slightly sweet scents. Notes lean Pure White Floral · Creamy Tuberose · Powdery Jasmine. Best for autumn and winter evenings, and cosy occasions. If you like Ariana Grande Cloud and Viktor & Rolf Flowerbomb, you will recognise the same family here. Easy enough for daily wear and a reliable, elevated gift choice.",14500,19575,https://cms.perfumeplugkenya.com/wp-content/uploads/gucci-bloom-eau-de-parfum-100-mls.jpg,[],False,True,50,WOM-055,published,0.3,"[""designer"", ""edp"", ""floral"", ""fragrance"", ""gourmand"", ""perfume"", ""powdery"", ""women""]",[],"[""100ml""]"
"Gucci Flora Gorgeous Gardenia - Eau de Parfum Intense, 100ml",gucci-flora-gorgeous-gardenia-eau-de-parfum-intense-100ml,"Warm, inviting and quietly addictive. Gucci Flora Gorgeous Gardenia - Eau de Parfum Intense, 100ml is for someone who enjoys soft, comforting, slightly sweet scents. Notes lean Floral · Fruity · Sweet. Best for autumn and winter evenings, and cosy occasions. If you like Chanel Coco Mademoiselle and Lancôme La Vie Est Belle, you will recognise the same family here. Choose this when you want something that feels intentional — strong as a signature or a gift that stands out.",22000,29700,https://cms.perfumeplugkenya.com/wp-content/uploads/buy-in-kenya-gucci-flora-gorgeous-gardenia-edp-intense-100-ml-1.avif,[],False,True,50,WOM-056,published,0.3,"[""designer"", ""edp"", ""floral"", ""fragrance"", ""fruity"", ""gourmand"", ""perfume"", ""premium"", ""women""]",[],"[""100ml""]"
"Gucci Guilty Pour Femme - Eau de Parfum, 90ml",gucci-guilty-pour-femme-eau-de-parfum-90ml,"Spiced, warm and full of character. Gucci Guilty Pour Femme - Eau de Parfum, 90ml is for the bold personality who enjoys spice with femininity. Notes lean Warm Spicy · Floral. Best for evenings, autumn and winter, and date nights. If you like Paco Rabanne 1 Million and Viktor & Rolf Flowerbomb, you will recognise the same family here. Easy enough for daily wear and a reliable, elevated gift choice.",16500,22275,https://cms.perfumeplugkenya.com/wp-content/uploads/gucci-guity-pour-femme-eau-de-parfum-90ml.webp,[],False,True,50,WOM-057,published,0.3,"[""designer"", ""edp"", ""floral"", ""fragrance"", ""perfume"", ""premium"", ""spicy"", ""women""]",[],"[""90ml""]"
"Gucci bloom - parfum, 100 ml",gucci-bloom-parfum-100-ml,"Warm, inviting and quietly addictive. Gucci bloom - parfum, 100 ml is for someone who enjoys soft, comforting, slightly sweet scents. Notes lean White Floral · Warm · Creamy. Parfum concentration with deeper presence. Best for autumn and winter evenings, and cosy occasions. If you like YSL Black Opium and Miss Dior, you will recognise the same family here. Easy enough for daily wear and a reliable, elevated gift choice.",18500,24975,https://cms.perfumeplugkenya.com/wp-content/uploads/gucci-gucci-bloom-parfum-spray-420x420-1.avif,[],False,True,50,WOM-058,published,0.3,"[""designer"", ""floral"", ""fragrance"", ""gourmand"", ""parfum"", ""perfume"", ""premium"", ""women""]",[],"[""100ml""]"
"Guerlain L'Homme Ideal L'Intense - Eau de Parfum, 100 ml",guerlain-lhomme-ideal-lintense-eau-de-parfum-100-ml,"Dark, textured and memorable. Guerlain L'Homme Ideal L'Intense - Eau de Parfum, 100 ml is for the refined wearer who likes dark, sophisticated character. Notes lean Woody · Spicy · Leather. Best for evenings and cooler months — statement occasions. If you like Dior Sauvage and Tom Ford Tuscan Leather, you will recognise the same family here. Easy enough for daily wear and a reliable, elevated gift choice.",15000,20250,https://cms.perfumeplugkenya.com/wp-content/uploads/guerlain-lhomme-ideal-lintense-eau-de-parfum-100-mls.jpg,[],False,True,50,MEN-059,published,0.3,"[""edp"", ""fragrance"", ""leather"", ""men"", ""perfume"", ""premium"", ""spicy"", ""woody""]",[],"[""100ml""]"
"Guerlain Mon - Eau de Parfum, 100 ml",guerlain-mon-eau-de-parfum-100-ml,"Elegant, floral and polished. Guerlain Mon - Eau de Parfum, 100 ml is for the woman who loves classic elegance with a modern touch. Notes lean Soft floral · Powdery. Best for daytime to early evening; spring and warmer months. If you like Viktor & Rolf Flowerbomb and Chanel Coco Mademoiselle, you will recognise the same family here. Choose this when you want something that feels intentional — strong as a signature or a gift that stands out.",19500,26325,https://cms.perfumeplugkenya.com/wp-content/uploads/guerlain-mon-eau-de-parfum-100-ml.webp,[],False,True,50,WOM-059,published,0.3,"[""edp"", ""floral"", ""fragrance"", ""perfume"", ""powdery"", ""premium"", ""women""]",[],"[""100ml""]"
"Guerlain Tobacco Honey - Eau de Parfum, 100 ml (unisex)",guerlain-tobacco-honey-eau-de-parfum-100-ml-unisex,"Warm, inviting and quietly addictive. Guerlain Tobacco Honey - Eau de Parfum, 100 ml (unisex) is for anyone who loves shared, sophisticated woody compositions. Notes lean Sweet Honey · Rich Tobacco · Warm Woody. Best for autumn and winter evenings, and cosy occasions. If you like YSL Black Opium and Tom Ford Tobacco Vanille, you will recognise the same family here. Choose this when you want something that feels intentional — strong as a signature or a gift that stands out.",75000,101250,https://cms.perfumeplugkenya.com/wp-content/uploads/buy-original-guerlain-tobacco-honey-in-kenya-perfume-plug-kenya.avif,[],False,True,50,UNI-002,published,0.3,"[""edp"", ""fragrance"", ""gourmand"", ""luxury"", ""perfume"", ""premium"", ""smoky"", ""unisex"", ""woody""]",[],"[""100ml""]"
"Guerlain l'homme ideal - Eau de Toilette, 100 ml",guerlain-lhomme-ideal-eau-de-toilette-100-ml,"Clean, bright and effortlessly wearable. Guerlain l'homme ideal - Eau de Toilette, 100 ml is for anyone who loves bright, energising openings. Notes lean Citrus · Almond · Woody. Eau de toilette — lighter and more refreshing. Best for mornings and daytime, especially in spring and summer. If you like Terre d'Hermès and Tom Ford Oud Wood, you will recognise the same family here. Easy enough for daily wear and a reliable, elevated gift choice.",12500,16875,https://cms.perfumeplugkenya.com/wp-content/uploads/buy-original-fragrances-in-kenya-guerlain_l_homme_ideal_for_men_eau_de_toilette_100-ml.jpg,[],False,True,50,MEN-060,published,0.3,"[""citrus"", ""edt"", ""fragrance"", ""men"", ""perfume"", ""woody""]",[],"[""100ml""]"
"Guerlain l'homme ideal extreme - Eau de Parfum, 100 ml",guerlain-lhomme-ideal-extreme-eau-de-parfum-100-ml,"Dark, textured and memorable. Guerlain l'homme ideal extreme - Eau de Parfum, 100 ml is for anyone drawn to smoky, atmospheric fragrances. Notes lean Bold · smoky · spicy amber. Best for night-time and colder seasons. If you like Lalique Encre Noire and Viktor & Rolf Spicebomb, you will recognise the same family here. Easy enough for daily wear and a reliable, elevated gift choice.",15500,20925,https://cms.perfumeplugkenya.com/wp-content/uploads/buy-guerlain-lhomme-ideal-extreme-eau-de-parfum-100ml.avif,[],False,True,50,MEN-061,published,0.3,"[""edp"", ""fragrance"", ""men"", ""oriental"", ""perfume"", ""premium"", ""smoky"", ""spicy""]",[],"[""100ml""]"
"Hugo Boss Bottled Absolu - Parfum Intense, 100 ml",hugo-boss-bottled-absolu-parfum-intense-100-ml,"Dark, textured and memorable. Hugo Boss Bottled Absolu - Parfum Intense, 100 ml is for the refined wearer who likes dark, sophisticated character. Notes lean Woody · Spicy · Leathery. Parfum concentration with deeper presence. Best for evenings and cooler months — statement occasions. If you like Paco Rabanne 1 Million and Bleu de Chanel, you will recognise the same family here. Choose this when you want something that feels intentional — strong as a signature or a gift that stands out.",20500,27675,https://cms.perfumeplugkenya.com/wp-content/uploads/hugo-boss-bottled-absolu-parfum-intense-100-ml-price-in-kenya.avif,[],False,True,50,MEN-062,published,0.3,"[""designer"", ""fragrance"", ""leather"", ""men"", ""parfum"", ""perfume"", ""premium"", ""spicy"", ""woody""]",[],"[""100ml""]"
"Hugo Boss Ma Vie - Eau de Parfum, 75ml",hugo-boss-ma-vie-eau-de-parfum-75ml,"Elegant, floral and polished. Hugo Boss Ma Vie - Eau de Parfum, 75ml is for the woman who loves classic elegance with a modern touch. Notes lean Fresh Cactus Flower · Delicate Pink Rose · Warm Cedarwood. Best for daytime to early evening; spring and warmer months. If you like Bleu de Chanel and Davidoff Cool Water, you will recognise the same family here. Easy enough for daily wear and a reliable, elevated gift choice.",8000,10800,https://cms.perfumeplugkenya.com/wp-content/uploads/hugo-boss-ma-vie-eau-de-parfum-75-mls.jpg,[],False,True,50,WOM-060,published,0.3,"[""designer"", ""edp"", ""floral"", ""fragrance"", ""fresh"", ""perfume"", ""women"", ""woody""]",[],"[""75ml""]"
"Hugo Boss The Scent - Eau de Toilette, 100 ml",hugo-boss-the-scent-eau-de-toilette-100-ml,"Dark, textured and memorable. Hugo Boss The Scent - Eau de Toilette, 100 ml is for the refined wearer who likes dark, sophisticated character. Notes lean Spicy Ginger · Exotic Maninka Fruit · Rich Leather. Eau de toilette — lighter and more refreshing. Best for evenings and cooler months — statement occasions. If you like Marc Jacobs Daisy and Dolce & Gabbana Light Blue, you will recognise the same family here. Easy enough for daily wear and a reliable, elevated gift choice.",10500,14175,https://cms.perfumeplugkenya.com/wp-content/uploads/hugo-boss-the-scent-eau-de-toilette-100-ml-online-store.jpg,[],False,True,50,MEN-063,published,0.3,"[""designer"", ""edt"", ""fragrance"", ""fruity"", ""leather"", ""men"", ""perfume"", ""spicy""]",[],"[""100ml""]"
"Hugo Boss femme - Eau de Parfum, 75 ml (New packaging)",hugo-boss-femme-eau-de-parfum-75-ml-new-packaging,"Elegant, floral and polished. Hugo Boss femme - Eau de Parfum, 75 ml (New packaging) is for the woman who loves classic elegance with a modern touch. Notes lean Fresh · floral · soft · feminine. Best for daytime to early evening; spring and warmer months. If you like Gucci Bloom and Davidoff Cool Water, you will recognise the same family here. Easy enough for daily wear and a reliable, elevated gift choice.",7500,10125,https://cms.perfumeplugkenya.com/wp-content/uploads/hugo-boss-femme-75ml-edp-price-in-kenya-new-packaging.jpg,[],False,True,50,WOM-061,published,0.3,"[""designer"", ""edp"", ""floral"", ""fragrance"", ""fresh"", ""perfume"", ""women""]",[],"[""75ml""]"
"Initio Initio Oud for Happiness - Eau de Parfum, 90ml",initio-initio-oud-for-happiness-eau-de-parfum-90ml,"Rich, resinous and unmistakably luxurious. Initio Initio Oud for Happiness - Eau de Parfum, 90ml is for the collector who appreciates rich, resinous luxury. Notes lean Woody Spicy. Best for evening wear and special occasions when you want presence. If you like Dior Sauvage and Maison Francis Kurkdjian Baccarat Rouge 540, you will recognise the same family here. Choose this when you want something that feels intentional — strong as a signature or a gift that stands out.",37500,50625,https://cms.perfumeplugkenya.com/wp-content/uploads/Initio-oud-for-happiness-eau-de-parfum-90mls.png,[],False,True,50,MEN-064,published,0.3,"[""arabic"", ""edp"", ""fragrance"", ""luxury"", ""men"", ""middle-eastern"", ""niche"", ""perfume"", ""premium"", ""spicy"", ""woody""]",[],"[""90ml""]"
"Initio Initio Side Effect (Unisex) - Eau de Parfum, 90ml",initio-initio-side-effect-unisex-eau-de-parfum-90ml,"Warm, inviting and quietly addictive. Initio Initio Side Effect (Unisex) - Eau de Parfum, 90ml is for wearers who enjoy rich, enveloping, shared scents. Notes lean Boozy · Sweet Vanilla · Tobacco. Best for autumn and winter evenings, and cosy occasions. If you like Mugler Angel and Tom Ford Tobacco Vanille, you will recognise the same family here. Choose this when you want something that feels intentional — strong as a signature or a gift that stands out.",40500,54675,https://cms.perfumeplugkenya.com/wp-content/uploads/Side-Effect-U-EDP-90-ml-FR.jpg,[],False,True,50,UNI-003,published,0.3,"[""boozy"", ""edp"", ""fragrance"", ""gourmand"", ""luxury"", ""niche"", ""oriental"", ""perfume"", ""premium"", ""smoky"", ""unisex""]",[],"[""90ml""]"
"Initio Initio atomic rose - Eau de Parfum, 90ml",initio-initio-atomic-rose-eau-de-parfum-90ml,"Warm, enveloping and full of depth. Initio Initio atomic rose - Eau de Parfum, 90ml is for someone who wants depth, richness and evening presence. Notes lean Amber Floral. Best for cooler evenings, formal events and night-time presence. If you like Tom Ford Tobacco Vanille and Chanel Coco Mademoiselle, you will recognise the same family here. Choose this when you want something that feels intentional — strong as a signature or a gift that stands out.",36500,49275,https://cms.perfumeplugkenya.com/wp-content/uploads/initio-atomic-rose-90-mls-eau-de-parfum-niche.png,[],False,True,50,MEN-065,published,0.3,"[""edp"", ""floral"", ""fragrance"", ""luxury"", ""men"", ""niche"", ""oriental"", ""perfume"", ""premium""]",[],"[""90ml""]"
"Initio blessed baraka - Eau de Parfum, 100 ml",initio-blessed-baraka-eau-de-parfum-100-ml,"Masculine, composed and made to last. Initio blessed baraka - Eau de Parfum, 100 ml is for the discerning wearer looking for a reliable signature scent. Notes lean White Flowers. Best for daytime to early evening; spring and warmer months. If you like Chanel Coco Mademoiselle and Miss Dior, you will recognise the same family here. Choose this when you want something that feels intentional — strong as a signature or a gift that stands out.",35000,47250,https://cms.perfumeplugkenya.com/wp-content/uploads/buy-Initio-Blessed-Baraka-EDP-90-ml-in-kenya-www.perfumeplugkenya.com_.webp,[],False,True,50,MEN-066,published,0.3,"[""edp"", ""floral"", ""fragrance"", ""luxury"", ""men"", ""niche"", ""perfume"", ""premium""]",[],"[""100ml""]"
"Issey Miyake Classic Wood & Wood Intense - Eau de Parfum, 100ml",issey-miyake-classic-wood-wood-intense-eau-de-parfum-100ml,"Woody, grounded and modern. Issey Miyake Classic Wood & Wood Intense - Eau de Parfum, 100ml is for the man who prefers quiet confidence over loud statements. Notes lean Woody. Best for day-to-night wear and cooler weather — excellent for work and evenings. If you like Dior Sauvage and Bleu de Chanel, you will recognise the same family here. Easy enough for daily wear and a reliable, elevated gift choice.",9500,12825,https://cms.perfumeplugkenya.com/wp-content/uploads/issey-miyake-classic-woodwood-intense-eau-de-parfum-100-mls.jpg,[],False,True,50,MEN-067,published,0.3,"[""edp"", ""fragrance"", ""men"", ""perfume"", ""woody""]",[],"[""100ml""]"
"Issey Miyake L'eau D'issey Intense Pour Homme - Eau de Toilette, 75 ml",issey-miyake-leau-dissey-intense-pour-homme-eau-de-toilette-75-ml,"Clean, bright and effortlessly wearable. Issey Miyake L'eau D'issey Intense Pour Homme - Eau de Toilette, 75 ml is for the active professional who wants to feel clean and sharp all day. Notes lean Woody Aquatic. Eau de toilette — lighter and more refreshing. Best for daytime, warmer months, the office and casual settings. If you like Terre d'Hermès and Dior Sauvage, you will recognise the same family here. Easy enough for daily wear and a reliable, elevated gift choice.",5500,7425,https://cms.perfumeplugkenya.com/wp-content/uploads/issey-miyake-intense-eau-de-toilette-125-ml.jpg,[],False,True,50,MEN-068,published,0.3,"[""edt"", ""fragrance"", ""fresh"", ""men"", ""perfume"", ""woody""]",[],"[""75ml""]"
"Issey Miyake nuit d'issey pour homme - Eau de Toilette, 125 ml",issey-miyake-nuit-dissey-pour-homme-eau-de-toilette-125-ml,"Dark, textured and memorable. Issey Miyake nuit d'issey pour homme - Eau de Toilette, 125 ml is for anyone drawn to smoky, atmospheric fragrances. Notes lean Woody · Spicy · Smoky. Eau de toilette — lighter and more refreshing. Best for night-time and colder seasons. If you like Paco Rabanne 1 Million and Lalique Encre Noire, you will recognise the same family here. Easy enough for daily wear and a reliable, elevated gift choice.",11000,14850,https://cms.perfumeplugkenya.com/wp-content/uploads/ISSEYMIYAKE_NUITD_ISSEYEDT125MLM.jpeg,[],False,True,50,MEN-069,published,0.3,"[""edt"", ""fragrance"", ""men"", ""perfume"", ""smoky"", ""spicy"", ""woody""]",[],"[""125ml""]"
Jean Paul Gaultier Le Male Elixir 125ml Collector Edition - Luxury Men's Perfume,jean-paul-gaultier-le-male-elixir-125ml-collector-edition-luxury-mens-perfume,"Warm, enveloping and full of depth. Jean Paul Gaultier Le Male Elixir 125ml Collector Edition - Luxury Men's Perfume is for someone who wants depth, richness and evening presence. Notes lean Spicy · Woody · Aromatic · Amber. Best for cooler evenings, formal events and night-time presence. If you like Dior Sauvage and Emporio Armani Stronger With You, you will recognise the same family here. Choose this when you want something that feels intentional — strong as a signature or a gift that stands out.",28500,38475,https://cms.perfumeplugkenya.com/wp-content/uploads/jean-paul-gaultier-le-male-elixir-parfum-125ml-price-in-kenya.png,[],False,True,50,MEN-070,published,0.3,"[""aromatic"", ""designer"", ""edp"", ""fragrance"", ""men"", ""oriental"", ""perfume"", ""premium"", ""spicy"", ""woody""]",[],"[""125ml""]"
"Jean Paul Gaultier Le Male Le Parfum Intense - Eau de Parfum, 125 ml",jean-paul-gaultier-le-male-le-parfum-intense-eau-de-parfum-125-ml,"Warm, enveloping and full of depth. Jean Paul Gaultier Le Male Le Parfum Intense - Eau de Parfum, 125 ml is for someone who wants depth, richness and evening presence. Notes lean warm spicy · vanilla · woody. Best for cooler evenings, formal events and night-time presence. If you like Bleu de Chanel and YSL Black Opium, you will recognise the same family here. Choose this when you want something that feels intentional — strong as a signature or a gift that stands out.",23000,31050,https://cms.perfumeplugkenya.com/wp-content/uploads/jean-paul-gaultier-le-male-le-parfum-125-ml.webp,[],False,True,50,MEN-071,published,0.3,"[""designer"", ""edp"", ""fragrance"", ""men"", ""oriental"", ""perfume"", ""premium"", ""spicy"", ""woody""]",[],"[""125ml""]"
"Jean Paul Gaultier Scandal - Eau de Parfum, 80 ml (New Packing)",jean-paul-gaultier-scandal-eau-de-parfum-80-ml-new-packing,"Warm, inviting and quietly addictive. Jean Paul Gaultier Scandal - Eau de Parfum, 80 ml (New Packing) is for someone who enjoys soft, comforting, slightly sweet scents. Notes lean Sweet Honey · White Floral · Warm Patchouli. Best for autumn and winter evenings, and cosy occasions. If you like Miss Dior and Tom Ford Oud Wood, you will recognise the same family here. Choose this when you want something that feels intentional — strong as a signature or a gift that stands out.",19000,25650,https://cms.perfumeplugkenya.com/wp-content/uploads/jean-paul-gaultier-scandal-eau-de-parfum-80-ml-new-packing.jpg,[],False,True,50,WOM-062,published,0.3,"[""designer"", ""edp"", ""floral"", ""fragrance"", ""gourmand"", ""perfume"", ""premium"", ""women"", ""woody""]",[],"[""80ml""]"
"Jean Paul Gaultier Ultra Male Intense - Eau de Toilette, 125ml",jean-paul-gaultier-ultra-male-intense-eau-de-toilette-125ml,"Warm, inviting and quietly addictive. Jean Paul Gaultier Ultra Male Intense - Eau de Toilette, 125ml is for the man who enjoys sweet-meets-masculine warmth. Notes lean Sweet Vanilla · Fruity · Warm Spicy. Eau de toilette — lighter and more refreshing. Best for autumn and winter evenings, and cosy occasions. If you like Emporio Armani Stronger With You and YSL Black Opium, you will recognise the same family here. Choose this when you want something that feels intentional — strong as a signature or a gift that stands out.",20500,27675,https://cms.perfumeplugkenya.com/wp-content/uploads/jean-paul-gaultier-ultra-male-eau-de-toilette-intense-125-ml.1jpg.jpg,[],False,True,50,MEN-072,published,0.3,"[""designer"", ""edt"", ""fragrance"", ""fruity"", ""gourmand"", ""men"", ""oriental"", ""perfume"", ""premium"", ""spicy""]",[],"[""125ml""]"
"Jean Paul Gaultier le male elixir absolu - Parfum Intense, 125 ml",jean-paul-gaultier-le-male-elixir-absolu-parfum-intense-125-ml,"Warm, inviting and quietly addictive. Jean Paul Gaultier le male elixir absolu - Parfum Intense, 125 ml is for the man who enjoys sweet-meets-masculine warmth. Notes lean Ambery · Woody · Spicy · Sweet. Parfum concentration with deeper presence. Best for autumn and winter evenings, and cosy occasions. If you like Emporio Armani Stronger With You and Bleu de Chanel, you will recognise the same family here. Choose this when you want something that feels intentional — strong as a signature or a gift that stands out.",24000,32400,https://cms.perfumeplugkenya.com/wp-content/uploads/Jean_Paul_Gaultier_Le_Male_Elixir_Absolu_For_Men_Parfum_Intense_125ml_Image_2.png,[],False,True,50,MEN-073,published,0.3,"[""designer"", ""fragrance"", ""gourmand"", ""men"", ""oriental"", ""parfum"", ""perfume"", ""premium"", ""spicy"", ""woody""]",[],"[""125ml""]"
"Jennifer Lopez Live - Eau de Parfum, 100 ml",jennifer-lopez-live-eau-de-parfum-100-ml,"Elegant, floral and polished. Jennifer Lopez Live - Eau de Parfum, 100 ml is for the woman who loves classic elegance with a modern touch. Notes lean Fruity Floral. Best for daytime to early evening; spring and warmer months. If you like Juicy Couture Viva La Juicy and Dolce & Gabbana Light Blue, you will recognise the same family here. Easy enough for daily wear and a reliable, elevated gift choice.",6000,8100,https://cms.perfumeplugkenya.com/wp-content/uploads/jennifer_lopez_live_w_edp_100ml_41vc-j9.jpg,[],False,True,50,WOM-063,published,0.3,"[""edp"", ""floral"", ""fragrance"", ""fruity"", ""perfume"", ""women""]",[],"[""100ml""]"
"Jennifer Lopez live luxe - Eau de Parfum, 100 ml",jennifer-lopez-live-luxe-eau-de-parfum-100-ml,"Refined, feminine and easy to live in. Jennifer Lopez live luxe - Eau de Parfum, 100 ml is for the woman who wants a scent that feels considered and polished. A clear, well-balanced composition. Best for year-round wear depending on your preference. If you like Chanel Coco Mademoiselle and YSL Black Opium, you will recognise the same family here. Easy enough for daily wear and a reliable, elevated gift choice.",5500,7425,https://cms.perfumeplugkenya.com/wp-content/uploads/Live-Lux-100ML-EDP.jpg,[],False,True,50,WOM-064,published,0.3,"[""edp"", ""fragrance"", ""perfume"", ""women""]",[],"[""100ml""]"
"Jesús del Pozo Halloween X Man - Eau de Toilette, 125ml",jess-del-pozo-halloween-x-man-eau-de-toilette-125ml,"Warm, inviting and quietly addictive. Jesús del Pozo Halloween X Man - Eau de Toilette, 125ml is for the man who enjoys sweet-meets-masculine warmth. Notes lean Warm Spicy · Coffee · Sweet Amber. Eau de toilette — lighter and more refreshing. Best for autumn and winter evenings, and cosy occasions. If you like Dolce & Gabbana The One and Emporio Armani Stronger With You, you will recognise the same family here. Easy enough for daily wear and a reliable, elevated gift choice.",7000,9450,https://cms.perfumeplugkenya.com/wp-content/uploads/halloween-x-man-eau-de-toilette-125-mls.jpg,[],False,True,50,MEN-074,published,0.3,"[""edt"", ""fragrance"", ""gourmand"", ""men"", ""oriental"", ""perfume"", ""spicy""]",[],"[""125ml""]"
"Jimmy Choo Fever - Eau de Parfum, 100ml",jimmy-choo-fever-eau-de-parfum-100ml,"Spiced, warm and full of character. Jimmy Choo Fever - Eau de Parfum, 100ml is for the bold personality who enjoys spice with femininity. Notes lean warm · spicy. Best for evenings, autumn and winter, and date nights. If you like Paco Rabanne 1 Million and Dolce & Gabbana The One, you will recognise the same family here. Easy enough for daily wear and a reliable, elevated gift choice.",10500,14175,https://cms.perfumeplugkenya.com/wp-content/uploads/jimmy-choo-fever-w-edp-100ml.jpgs_.jpg,[],False,True,50,WOM-065,published,0.3,"[""edp"", ""fragrance"", ""perfume"", ""spicy"", ""women""]",[],"[""100ml""]"
"Jimmy Choo Illicit Flower - Eau de Toilette, 100ml",jimmy-choo-illicit-flower-eau-de-toilette-100ml,"Warm, inviting and quietly addictive. Jimmy Choo Illicit Flower - Eau de Toilette, 100ml is for someone who enjoys soft, comforting, slightly sweet scents. Notes lean Sweet Apricot · Delicate Rose · Soft Cashmere Wood. Eau de toilette — lighter and more refreshing. Best for autumn and winter evenings, and cosy occasions. If you like Lancôme La Vie Est Belle and YSL Black Opium, you will recognise the same family here. Easy enough for daily wear and a reliable, elevated gift choice.",8000,10800,https://cms.perfumeplugkenya.com/wp-content/uploads/jimmy-choo-illicit-flower-eau-de-toilette-100-ml.jpg,[],False,True,50,WOM-066,published,0.3,"[""edt"", ""floral"", ""fragrance"", ""gourmand"", ""perfume"", ""women"", ""woody""]",[],"[""100ml""]"
"Jimmy Choo urban hero - Eau de Parfum, 100 ml",jimmy-choo-urban-hero-eau-de-parfum-100-ml,"Spiced, warm and full of character. Jimmy Choo urban hero - Eau de Parfum, 100 ml is for the man who enjoys warmth and a touch of boldness. Notes lean Woody · Spicy · Fresh. Best for evenings, autumn and winter, and date nights. If you like Bleu de Chanel and Tom Ford Oud Wood, you will recognise the same family here. Easy enough for daily wear and a reliable, elevated gift choice.",8000,10800,https://cms.perfumeplugkenya.com/wp-content/uploads/jimmy-choo-urban-hero-edp-100ml.jpg,[],False,True,50,MEN-075,published,0.3,"[""edp"", ""fragrance"", ""fresh"", ""men"", ""perfume"", ""spicy"", ""woody""]",[],"[""100ml""]"
Jo Malone Lime basil & Mandarin Cologne - 100 ml (unisex),jo-malone-lime-basil-mandarin-cologne-100-ml-unisex,"Clean, bright and effortlessly wearable. Jo Malone Lime basil & Mandarin Cologne - 100 ml (unisex) is for those who prefer clean, gender-free freshness. Notes lean Citrus · Aromatic · Green · Fresh. Best for mornings and daytime, especially in spring and summer. If you like Versace Man Eau Fraiche and YSL Y, you will recognise the same family here. Choose this when you want something that feels intentional — strong as a signature or a gift that stands out.",22500,30375,https://cms.perfumeplugkenya.com/wp-content/uploads/jo-malone-lime-basil-madarin-original-niche-fragrance-in-kenya-100ml.avif,[],False,True,50,UNI-004,published,0.3,"[""aromatic"", ""citrus"", ""cologne"", ""designer"", ""fragrance"", ""fresh"", ""green"", ""perfume"", ""premium"", ""unisex""]",[],"[""100ml""]"
"Jo Malone Nectarine Blossom & Honey - Cologne, 100 ml (unisex)",jo-malone-nectarine-blossom-honey-cologne-100-ml-unisex,"Warm, inviting and quietly addictive. Jo Malone Nectarine Blossom & Honey - Cologne, 100 ml (unisex) is for those who prefer clean, gender-free freshness. Notes lean Fruity · Fresh · Floral · Sweet. Best for autumn and winter evenings, and cosy occasions. If you like Issey Miyake L'Eau d'Issey and Viktor & Rolf Flowerbomb, you will recognise the same family here. Choose this when you want something that feels intentional — strong as a signature or a gift that stands out.",23500,31725,https://cms.perfumeplugkenya.com/wp-content/uploads/jo-malone-nectarine-blossom-honey-original-niche-perfume-in-kenya.avif,[],False,True,50,UNI-005,published,0.3,"[""cologne"", ""designer"", ""floral"", ""fragrance"", ""fresh"", ""fruity"", ""gourmand"", ""perfume"", ""premium"", ""unisex""]",[],"[""100ml""]"
"Jo Malone english pear & Freesia - Cologne, 100 ml (unisex)",jo-malone-english-pear-freesia-cologne-100-ml-unisex,"Bright, cheerful and easy to love. Jo Malone english pear & Freesia - Cologne, 100 ml (unisex) is for those who prefer clean, gender-free freshness. Notes lean Fruity · Floral · Fresh · Musky. Best for daytime to early evening; spring and warmer months. If you like Marc Jacobs Daisy and Dolce & Gabbana Light Blue, you will recognise the same family here. Choose this when you want something that feels intentional — strong as a signature or a gift that stands out.",23500,31725,https://cms.perfumeplugkenya.com/wp-content/uploads/buy-Jo-Malone-London-English-Pear-Freesia-Cologne-100-ml-in-kenya.webp,[],False,True,50,UNI-006,published,0.3,"[""cologne"", ""designer"", ""floral"", ""fragrance"", ""fresh"", ""fruity"", ""musky"", ""perfume"", ""premium"", ""unisex""]",[],"[""100ml""]"
"Joop Femme - Eau de Toilette, 100ml",joop-femme-eau-de-toilette-100ml,"Warm, enveloping and full of depth. Joop Femme - Eau de Toilette, 100ml is for the woman who wants warmth, depth and evening allure. Notes lean weet Vanilla · White Jasmine · Warm Sandalwood. Eau de toilette — lighter and more refreshing. Best for cooler evenings, formal events and night-time presence. If you like Dior Sauvage and YSL Black Opium, you will recognise the same family here. Easy enough for daily wear and a reliable, elevated gift choice.",5500,7425,https://cms.perfumeplugkenya.com/wp-content/uploads/Joop-Femme-Eau-De-Toilette-100ml.jpg,[],False,True,50,WOM-067,published,0.3,"[""edt"", ""floral"", ""fragrance"", ""oriental"", ""perfume"", ""women"", ""woody""]",[],"[""100ml""]"
"Joop! homme - Le parfum, 125 ml",joop-homme-le-parfum-125-ml,"Warm, enveloping and full of depth. Joop! homme - Le parfum, 125 ml is for someone who wants depth, richness and evening presence. Notes lean Spicy · Ambery · Woody · Aromatic. Parfum concentration with deeper presence. Best for cooler evenings, formal events and night-time presence. If you like Mugler Angel and Bleu de Chanel, you will recognise the same family here. Easy enough for daily wear and a reliable, elevated gift choice.",8500,11475,https://cms.perfumeplugkenya.com/wp-content/uploads/joop-homme-le-parfum-original-authentic-perfumes-in-kenya.webp,[],False,True,50,MEN-076,published,0.3,"[""aromatic"", ""fragrance"", ""men"", ""oriental"", ""parfum"", ""perfume"", ""spicy"", ""woody""]",[],"[""125ml""]"
"Juicy Couture viva la Juicy - Eau de Parfum, 100 ml",juicy-couture-viva-la-juicy-eau-de-parfum-100-ml,"Warm, inviting and quietly addictive. Juicy Couture viva la Juicy - Eau de Parfum, 100 ml is for someone who enjoys soft, comforting, slightly sweet scents. Notes lean Sweet · Fruity · Vanilla. Best for autumn and winter evenings, and cosy occasions. If you like Lancôme La Vie Est Belle and Ariana Grande Cloud, you will recognise the same family here. Easy enough for daily wear and a reliable, elevated gift choice.",9500,12825,https://cms.perfumeplugkenya.com/wp-content/uploads/viva-la-juicy-juicy-coutute-price-in-kenya-scaled.webp,[],False,True,50,WOM-068,published,0.3,"[""edp"", ""fragrance"", ""fruity"", ""gourmand"", ""oriental"", ""perfume"", ""women""]",[],"[""100ml""]"
"Kenneth Cole Black - Eau de Parfum, 100ml",kenneth-cole-black-eau-de-parfum-100ml,"Clean, bright and effortlessly wearable. Kenneth Cole Black - Eau de Parfum, 100ml is for anyone who loves bright, energising openings. Notes lean Luminous White Floral · Fresh Citrus · Sensual Musk. Best for daytime to early evening; spring and warmer months. If you like Dolce & Gabbana Light Blue and Versace Man Eau Fraiche, you will recognise the same family here. Easy enough for daily wear and a reliable, elevated gift choice.",6000,8100,https://cms.perfumeplugkenya.com/wp-content/uploads/kenneth-cole-black-100-ml.webp,[],False,True,50,MEN-077,published,0.3,"[""citrus"", ""edp"", ""floral"", ""fragrance"", ""fresh"", ""men"", ""musky"", ""perfume""]",[],"[""100ml""]"
"Lacoste L.12.12 Noir - Eau de Toilette, 100 ml",lacoste-l1212-noir-eau-de-toilette-100-ml,"Woody, grounded and modern. Lacoste L.12.12 Noir - Eau de Toilette, 100 ml is for the modern gentleman who likes polished, versatile scents. Notes lean Woody Aromatic. Eau de toilette — lighter and more refreshing. Best for all-year versatility — meetings, weekends and everything in between. If you like Terre d'Hermès and Tom Ford Oud Wood, you will recognise the same family here. Easy enough for daily wear and a reliable, elevated gift choice.",9500,12825,https://cms.perfumeplugkenya.com/wp-content/uploads/lacoste-noir-edt_8fIctn2_Sj.jpeg,[],False,True,50,MEN-078,published,0.3,"[""aromatic"", ""edt"", ""fragrance"", ""men"", ""perfume"", ""woody""]",[],"[""100ml""]"
"Lacoste L.12.12. White - Eau de Toilette, 100ml",lacoste-l1212-white-eau-de-toilette-100ml,"Clean, bright and effortlessly wearable. Lacoste L.12.12. White - Eau de Toilette, 100ml is for anyone who loves bright, energising openings. Notes lean Woody Floral · Fresh Citrus · Clean Floral · Soft Woody. Eau de toilette — lighter and more refreshing. Best for daytime to early evening; spring and warmer months. If you like Dior Sauvage and Gucci Bloom, you will recognise the same family here. Easy enough for daily wear and a reliable, elevated gift choice.",9000,12150,https://cms.perfumeplugkenya.com/wp-content/uploads/Lacoste-eau-de-lacoste-l1-212-100ml.jpg,[],False,True,50,MEN-079,published,0.3,"[""citrus"", ""edt"", ""floral"", ""fragrance"", ""fresh"", ""men"", ""perfume"", ""woody""]",[],"[""100ml""]"
"Lacoste l'homme - Eau de Toilette, 100ml",lacoste-lhomme-eau-de-toilette-100ml,"Spiced, warm and full of character. Lacoste l'homme - Eau de Toilette, 100ml is for the man who enjoys warmth and a touch of boldness. Notes lean Fruity · Spicy · Woody · Moderate. Eau de toilette — lighter and more refreshing. Best for evenings, autumn and winter, and date nights. If you like Terre d'Hermès and Tom Ford Oud Wood, you will recognise the same family here. Easy enough for daily wear and a reliable, elevated gift choice.",6500,8775,https://cms.perfumeplugkenya.com/wp-content/uploads/buy-original-lacoste-lhomme-in-kenya-100ml-eau-de-toilette-perfumeplugkenya.avif,[],False,True,50,MEN-080,published,0.3,"[""edt"", ""fragrance"", ""fruity"", ""men"", ""perfume"", ""spicy"", ""woody""]",[],"[""100ml""]"
"Lalique Amethyst - Eau de Parfum, 100ml",lalique-amethyst-eau-de-parfum-100ml,"Elegant, floral and polished. Lalique Amethyst - Eau de Parfum, 100ml is for the woman who loves classic elegance with a modern touch. Notes lean Fruity · Floral · Musky. Best for daytime to early evening; spring and warmer months. If you like Byredo Blanche and Marc Jacobs Daisy, you will recognise the same family here. Easy enough for daily wear and a reliable, elevated gift choice.",7000,9450,https://cms.perfumeplugkenya.com/wp-content/uploads/Lalique-amethyst-eau-de-parfum-22228.jpg,[],False,True,50,WOM-069,published,0.3,"[""edp"", ""floral"", ""fragrance"", ""fruity"", ""musky"", ""perfume"", ""women""]",[],"[""100ml""]"
"Lalique Amethyst Exquise - Eau de Parfum, 100ml",lalique-amethyst-exquise-eau-de-parfum-100ml,"Warm, inviting and quietly addictive. Lalique Amethyst Exquise - Eau de Parfum, 100ml is for someone who enjoys soft, comforting, slightly sweet scents. Notes lean Fruity · Floral · Gourmand. Best for autumn and winter evenings, and cosy occasions. If you like Juicy Couture Viva La Juicy and Chanel Coco Mademoiselle, you will recognise the same family here. Easy enough for daily wear and a reliable, elevated gift choice.",7000,9450,https://cms.perfumeplugkenya.com/wp-content/uploads/Lalique-amethyst-exquise-eau-de-parfum-19532.jpg,[],False,True,50,WOM-070,published,0.3,"[""edp"", ""floral"", ""fragrance"", ""fruity"", ""gourmand"", ""perfume"", ""women""]",[],"[""100ml""]"
"Lalique Encre Noir A L'extreme - Eau de Parfum, 100ml",lalique-encre-noir-a-lextreme-eau-de-parfum-100ml,"Dark, textured and memorable. Lalique Encre Noir A L'extreme - Eau de Parfum, 100ml is for anyone drawn to smoky, atmospheric fragrances. Notes lean Smoky Incense · Dark Vetiver · Rich Benzoin. Best for night-time and colder seasons. If you like YSL Black Opium and Dior Sauvage, you will recognise the same family here. Easy enough for daily wear and a reliable, elevated gift choice.",6000,8100,https://cms.perfumeplugkenya.com/wp-content/uploads/Lalique-encre-noire-a-lextreme-eau-de-parfum-17596.jpg,[],False,True,50,MEN-081,published,0.3,"[""edp"", ""fragrance"", ""men"", ""oriental"", ""perfume"", ""smoky"", ""woody""]",[],"[""100ml""]"
"Lalique Encre Noire - Eau de Toilette, 100ml",lalique-encre-noire-eau-de-toilette-100ml,"Clean, bright and effortlessly wearable. Lalique Encre Noire - Eau de Toilette, 100ml is for the active professional who wants to feel clean and sharp all day. Notes lean Dark Vetiver · Fresh Cypress · Cashmere Wood. Eau de toilette — lighter and more refreshing. Best for daytime, warmer months, the office and casual settings. If you like Davidoff Cool Water and Terre d'Hermès, you will recognise the same family here. Easy enough for daily wear and a reliable, elevated gift choice.",5500,7425,https://cms.perfumeplugkenya.com/wp-content/uploads/Lalique-encre-noire-eau-de-toilette-22203.jpg,[],False,True,50,MEN-082,published,0.3,"[""edt"", ""fragrance"", ""fresh"", ""men"", ""perfume"", ""woody""]",[],"[""100ml""]"
"Lalique L'amour - Eau de Parfum, 100ml",lalique-lamour-eau-de-parfum-100ml,"Warm, inviting and quietly addictive. Lalique L'amour - Eau de Parfum, 100ml is for someone who enjoys soft, comforting, slightly sweet scents. Notes lean Floral · Sweet. Best for autumn and winter evenings, and cosy occasions. If you like Viktor & Rolf Flowerbomb and Gucci Bloom, you will recognise the same family here. Easy enough for daily wear and a reliable, elevated gift choice.",8000,10800,https://cms.perfumeplugkenya.com/wp-content/uploads/Lalique-lamour-eau-de-parfum-women-100-ml.jpg,[],False,True,50,WOM-071,published,0.3,"[""edp"", ""floral"", ""fragrance"", ""gourmand"", ""perfume"", ""women""]",[],"[""100ml""]"
"Lalique Le Perfume Red - Eau de Parfum, 100ml",lalique-le-perfume-red-eau-de-parfum-100ml,"Warm, inviting and quietly addictive. Lalique Le Perfume Red - Eau de Parfum, 100ml is for someone who enjoys soft, comforting, slightly sweet scents. Notes lean Amber · Vanilla · Sweet. Best for autumn and winter evenings, and cosy occasions. If you like Ariana Grande Cloud and Mugler Angel, you will recognise the same family here. Easy enough for daily wear and a reliable, elevated gift choice.",7800,10530,https://cms.perfumeplugkenya.com/wp-content/uploads/lalique-le-parfum-eau-de-parfum-Red.jpg,[],False,True,50,WOM-072,published,0.3,"[""edp"", ""fragrance"", ""gourmand"", ""oriental"", ""perfume"", ""women""]",[],"[""100ml""]"
"Lalique encre Indigo - Eau de Parfum, 100 ml",lalique-encre-indigo-eau-de-parfum-100-ml,"Spiced, warm and full of character. Lalique encre Indigo - Eau de Parfum, 100 ml is for the man who enjoys warmth and a touch of boldness. Notes lean Fresh Spicy · Woody · Aromatic. Best for evenings, autumn and winter, and date nights. If you like Bleu de Chanel and Dolce & Gabbana The One, you will recognise the same family here. Easy enough for daily wear and a reliable, elevated gift choice.",8900,12015,https://cms.perfumeplugkenya.com/wp-content/uploads/buy-original-designer-fragrances-in-kenya-lalique-indigo-edp-100ml.webp,[],False,True,50,MEN-083,published,0.3,"[""aromatic"", ""edp"", ""fragrance"", ""fresh"", ""men"", ""perfume"", ""spicy"", ""woody""]",[],"[""100ml""]"
"Lancôme Idole - L'Eau de Parfum, 100 ml",lancme-idole-leau-de-parfum-100-ml,"Elegant, floral and polished. Lancôme Idole - L'Eau de Parfum, 100 ml is for the woman who loves classic elegance with a modern touch. Notes lean Clean · Floral · Modern. Best for daytime to early evening; spring and warmer months. If you like Gucci Bloom and Chanel Coco Mademoiselle, you will recognise the same family here. Choose this when you want something that feels intentional — strong as a signature or a gift that stands out.",20500,27675,https://cms.perfumeplugkenya.com/wp-content/uploads/buy-in-kenya-lancome-idole.avif,[],False,True,50,WOM-073,published,0.3,"[""designer"", ""edp"", ""floral"", ""fragrance"", ""fresh"", ""perfume"", ""premium"", ""women""]",[],"[""100ml""]"
"Lancôme La Vie Est Belle - L'Eau de Parfum, 100ml",lancme-la-vie-est-belle-leau-de-parfum-100ml,"Warm, inviting and quietly addictive. Lancôme La Vie Est Belle - L'Eau de Parfum, 100ml is for someone who enjoys soft, comforting, slightly sweet scents. Notes lean Sweet · floral · gourmand. Best for autumn and winter evenings, and cosy occasions. If you like Gucci Bloom and Mugler Angel, you will recognise the same family here. Choose this when you want something that feels intentional — strong as a signature or a gift that stands out.",19500,26325,https://cms.perfumeplugkenya.com/wp-content/uploads/lancome-la-vie-est-belle-leau-de-parfum-100-ml-best-perfume-for-women-in-kenya.jpg,[],False,True,50,WOM-074,published,0.3,"[""designer"", ""edp"", ""floral"", ""fragrance"", ""gourmand"", ""perfume"", ""premium"", ""women""]",[],"[""100ml""]"
"Lattafa Asad - Eau de Parfum, 100ml",lattafa-asad-eau-de-parfum-100ml,"Warm, enveloping and full of depth. Lattafa Asad - Eau de Parfum, 100ml is for someone who wants depth, richness and evening presence. Notes lean Warm Spicy · Amber · Woody. Best for cooler evenings, formal events and night-time presence. If you like Viktor & Rolf Spicebomb and Tom Ford Tobacco Vanille, you will recognise the same family here. Easy enough for daily wear and a reliable, elevated gift choice.",4500,6075,https://cms.perfumeplugkenya.com/wp-content/uploads/lattafa-asad-eau-de-parfum-100-ml.jpg,[],False,True,50,MEN-084,published,0.3,"[""arabic"", ""edp"", ""fragrance"", ""men"", ""middle-eastern"", ""oriental"", ""perfume"", ""spicy"", ""woody""]",[],"[""100ml""]"
"Lattafa Khamra - Eau de Parfum, 100 ml",lattafa-khamra-eau-de-parfum-100-ml,"Warm, inviting and quietly addictive. Lattafa Khamra - Eau de Parfum, 100 ml is for the man who enjoys sweet-meets-masculine warmth. Notes lean Oriental Spicy · sweet. Best for autumn and winter evenings, and cosy occasions. If you like Mugler Angel and YSL Black Opium, you will recognise the same family here. Easy enough for daily wear and a reliable, elevated gift choice.",6500,8775,https://cms.perfumeplugkenya.com/wp-content/uploads/Lattafa-khamra-eau-de-parfum-100-ml-price-in-kenya-1-.jpg,[],False,True,50,MEN-085,published,0.3,"[""arabic"", ""edp"", ""fragrance"", ""gourmand"", ""men"", ""middle-eastern"", ""oriental"", ""perfume"", ""spicy""]",[],"[""100ml""]"
"Lattafa eclaire - Eau de Parfum, 100 ml",lattafa-eclaire-eau-de-parfum-100-ml,"Warm, inviting and quietly addictive. Lattafa eclaire - Eau de Parfum, 100 ml is for someone who enjoys soft, comforting, slightly sweet scents. Notes lean Sweet · creamy · cozy gourmand. Best for autumn and winter evenings, and cosy occasions. If you like Lancôme La Vie Est Belle and Ariana Grande Cloud, you will recognise the same family here. Easy enough for daily wear and a reliable, elevated gift choice.",6500,8775,https://cms.perfumeplugkenya.com/wp-content/uploads/buy-lattafa_eclaire-in-kenya-100ml.webp,[],False,True,50,WOM-075,published,0.3,"[""arabic"", ""edp"", ""fragrance"", ""gourmand"", ""middle-eastern"", ""perfume"", ""women""]",[],"[""100ml""]"
"Le Labo Santal 33 - Eau de Parfum, 100 ml (unisex)",le-labo-santal-33-eau-de-parfum-100-ml-unisex,"Dark, textured and memorable. Le Labo Santal 33 - Eau de Parfum, 100 ml (unisex) is for anyone who loves shared, sophisticated woody compositions. Notes lean Woody · Smoky · Leathery. Best for evenings and cooler months — statement occasions. If you like Tom Ford Ombre Leather and Terre d'Hermès, you will recognise the same family here. Choose this when you want something that feels intentional — strong as a signature or a gift that stands out.",57000,76950,https://cms.perfumeplugkenya.com/wp-content/uploads/le-labo-santal-33-eau-de-aprfum-best-price-in-kenya-1.avif,[],False,True,50,UNI-007,published,0.3,"[""edp"", ""fragrance"", ""leather"", ""luxury"", ""niche"", ""perfume"", ""premium"", ""smoky"", ""unisex"", ""woody""]",[],"[""100ml""]"
"Liquides Imaginares Liquide - Eau de Parfum, 100 ml (unisex)",liquides-imaginares-liquide-eau-de-parfum-100-ml-unisex,"Spiced, warm and full of character. Liquides Imaginares Liquide - Eau de Parfum, 100 ml (unisex) is for anyone who loves shared, sophisticated woody compositions. Notes lean Woody · musk · Spicy. Best for evenings, autumn and winter, and date nights. If you like Paco Rabanne 1 Million and Bleu de Chanel, you will recognise the same family here. Choose this when you want something that feels intentional — strong as a signature or a gift that stands out.",22500,30375,https://cms.perfumeplugkenya.com/wp-content/uploads/liquides_imaginaires_liquide_gold_eau_de_parfum_100_ml-available-in-perfume-plug-kenya.webp,[],False,True,50,UNI-008,published,0.3,"[""edp"", ""fragrance"", ""musky"", ""perfume"", ""premium"", ""spicy"", ""unisex"", ""woody""]",[],"[""100ml""]"
"Maison Crivelli Ambre Chromatique - Extrait de Parfum, 50 ml",maison-crivelli-ambre-chromatique-extrait-de-parfum-50-ml,"Warm, enveloping and full of depth. Maison Crivelli Ambre Chromatique - Extrait de Parfum, 50 ml is for someone who wants depth, richness and evening presence. Notes lean Ambery · Spicy · Woody · Balsamic. Extrait strength for richer, longer wear. Best for cooler evenings, formal events and night-time presence. If you like Paco Rabanne 1 Million and YSL Black Opium, you will recognise the same family here. Choose this when you want something that feels intentional — strong as a signature or a gift that stands out.",42000,56700,https://cms.perfumeplugkenya.com/wp-content/uploads/buy-maison-crivelli-ambre-chromatique-extrait-50ml-niche-perfumes-in-kenya.webp,[],False,True,50,MEN-086,published,0.3,"[""extrait"", ""fragrance"", ""luxury"", ""men"", ""niche"", ""oriental"", ""perfume"", ""premium"", ""spicy"", ""woody""]",[],"[""50ml""]"
"Maison Crivelli Hibiscus Mahajad - Extrait de Parfum, 100 ml",maison-crivelli-hibiscus-mahajad-extrait-de-parfum-100-ml,"Spiced, warm and full of character. Maison Crivelli Hibiscus Mahajad - Extrait de Parfum, 100 ml is for the man who enjoys warmth and a touch of boldness. Notes lean Floral · Rose · Warm Spicy. Extrait strength for richer, longer wear. Best for evenings, autumn and winter, and date nights. If you like Dolce & Gabbana The One and Paco Rabanne 1 Million, you will recognise the same family here. Choose this when you want something that feels intentional — strong as a signature or a gift that stands out.",86500,116775,https://cms.perfumeplugkenya.com/wp-content/uploads/buy-Maison-Crivelli-Hibiscus-Mahajad-Extrait-De-Parfum-50ML-perfume-perfumeplugkenya.com_.webp,[],False,True,50,MEN-087,published,0.3,"[""extrait"", ""floral"", ""fragrance"", ""luxury"", ""men"", ""niche"", ""perfume"", ""premium"", ""spicy""]",[],"[""100ml""]"
"Maison Crivelli oud maracuja - Extrait de Parfum, 100 ml",maison-crivelli-oud-maracuja-extrait-de-parfum-100-ml,"Rich, resinous and unmistakably luxurious. Maison Crivelli oud maracuja - Extrait de Parfum, 100 ml is for the collector who appreciates rich, resinous luxury. Notes lean Exotic Passionfruit · Dark Oud · Spicy Saffron · Rich Leather. Extrait strength for richer, longer wear. Best for evening wear and special occasions when you want presence. If you like Initio Oud for Greatness and Tom Ford Oud Wood, you will recognise the same family here. Choose this when you want something that feels intentional — strong as a signature or a gift that stands out.",86000,116100,https://cms.perfumeplugkenya.com/wp-content/uploads/buy-Maison-Crivelli-Oud-Maracuja-Extrait-50ML-niche-fragrance-in-kenya_perfumeplugkenya.com_.webp,[],False,True,50,MEN-088,published,0.3,"[""arabic"", ""extrait"", ""fragrance"", ""fruity"", ""leather"", ""luxury"", ""men"", ""middle-eastern"", ""niche"", ""perfume"", ""premium"", ""spicy"", ""woody""]",[],"[""100ml""]"
"Maison Francis Kurkdjian Baccarat Rouge 540 - Extrait de Parfum, 70ml",maison-francis-kurkdjian-baccarat-rouge-540-extrait-de-parfum-70ml,"Warm, inviting and quietly addictive. Maison Francis Kurkdjian Baccarat Rouge 540 - Extrait de Parfum, 70ml is for the man who enjoys sweet-meets-masculine warmth. Notes lean Amber Floral · Sweet · woody. Extrait strength for richer, longer wear. Best for autumn and winter evenings, and cosy occasions. If you like Terre d'Hermès and YSL Black Opium, you will recognise the same family here. Choose this when you want something that feels intentional — strong as a signature or a gift that stands out.",83500,112725,https://cms.perfumeplugkenya.com/wp-content/uploads/buy-original-niche-pefumes-in-kenya-Maison-Francis-Kurkdjian-Baccarat-Rouge-540-Extrait-70ML-Unboxed-perfumeplugkenya.com_.webp,[],False,True,50,MEN-089,published,0.3,"[""extrait"", ""floral"", ""fragrance"", ""gourmand"", ""luxury"", ""men"", ""niche"", ""oriental"", ""perfume"", ""premium"", ""woody""]",[],"[""70ml""]"
"Maison Francis Kurkdjian Gentle fluidity Silver - Eau de Parfum, 70ml",maison-francis-kurkdjian-gentle-fluidity-silver-eau-de-parfum-70ml,"Spiced, warm and full of character. Maison Francis Kurkdjian Gentle fluidity Silver - Eau de Parfum, 70ml is for the man who enjoys warmth and a touch of boldness. Notes lean Aromatic Spicy. Best for evenings, autumn and winter, and date nights. If you like Bleu de Chanel and Viktor & Rolf Spicebomb, you will recognise the same family here. Choose this when you want something that feels intentional — strong as a signature or a gift that stands out.",46000,62100,https://cms.perfumeplugkenya.com/wp-content/uploads/mfk-gentle-fluidity-silver-70ml-eau-de-parfum-price-in-kenya-2.png,[],False,True,50,MEN-090,published,0.3,"[""aromatic"", ""edp"", ""fragrance"", ""luxury"", ""men"", ""niche"", ""perfume"", ""premium"", ""spicy""]",[],"[""70ml""]"
"Maison Francis Kurkdjian paris oud silk mood - Extrait de Parfum, 100 ml (unisex)",maison-francis-kurkdjian-paris-oud-silk-mood-extrait-de-parfum-100-ml-unisex,"Rich, resinous and unmistakably luxurious. Maison Francis Kurkdjian paris oud silk mood - Extrait de Parfum, 100 ml (unisex) is for anyone open to bold, luxurious unisex compositions. Notes lean Rose · Oud · Woody. Extrait strength for richer, longer wear. Best for evening wear and special occasions when you want presence. If you like Gucci Bloom and Viktor & Rolf Flowerbomb, you will recognise the same family here. Choose this when you want something that feels intentional — strong as a signature or a gift that stands out.",50000,67500,https://cms.perfumeplugkenya.com/wp-content/uploads/buy-mfk-oud-silk-mood-70-ml-in-kenya-www.perfumeplugkenya.com_.webp,[],False,True,50,UNI-009,published,0.3,"[""arabic"", ""extrait"", ""floral"", ""fragrance"", ""luxury"", ""middle-eastern"", ""niche"", ""perfume"", ""premium"", ""unisex"", ""woody""]",[],"[""100ml""]"
"Mancera Aoud cafe - Eau de Parfum, 100 ml",mancera-aoud-cafe-eau-de-parfum-100-ml,"Warm, inviting and quietly addictive. Mancera Aoud cafe - Eau de Parfum, 100 ml is for the man who enjoys sweet-meets-masculine warmth. Notes lean Gourmand · Woody · Amber. Best for autumn and winter evenings, and cosy occasions. If you like Dior Sauvage and Mugler Angel, you will recognise the same family here. Choose this when you want something that feels intentional — strong as a signature or a gift that stands out.",14500,19575,https://cms.perfumeplugkenya.com/wp-content/uploads/mancera-aoud-cafe-120ml-eau-de-parfum-in-kenya-.jpg,[],False,True,50,MEN-091,published,0.3,"[""arabic"", ""edp"", ""fragrance"", ""gourmand"", ""luxury"", ""men"", ""middle-eastern"", ""niche"", ""oriental"", ""perfume"", ""woody""]",[],"[""100ml""]"
"Mancera Cedrat Boise - Eau de Parfum, 120 ml",mancera-cedrat-boise-eau-de-parfum-120-ml,"Dark, textured and memorable. Mancera Cedrat Boise - Eau de Parfum, 120 ml is for the refined wearer who likes dark, sophisticated character. Notes lean Citrus woody · leather. Best for evenings and cooler months — statement occasions. If you like Dolce & Gabbana Light Blue and Acqua di Gio, you will recognise the same family here. Choose this when you want something that feels intentional — strong as a signature or a gift that stands out.",14000,18900,https://cms.perfumeplugkenya.com/wp-content/uploads/mancera-cedrat-boise-eau-de-parfum-120-ml-best-mancera-fragrance.jpg,[],False,True,50,MEN-092,published,0.3,"[""citrus"", ""edp"", ""fragrance"", ""leather"", ""luxury"", ""men"", ""niche"", ""perfume"", ""woody""]",[],"[""120ml""]"
"Mancera Coco Vanille - Eau de Parfum, 120ml",mancera-coco-vanille-eau-de-parfum-120ml,"Warm, inviting and quietly addictive. Mancera Coco Vanille - Eau de Parfum, 120ml is for someone who enjoys soft, comforting, slightly sweet scents. Notes lean Gourmand · Floral · Sweet. Best for autumn and winter evenings, and cosy occasions. If you like Gucci Bloom and Ariana Grande Cloud, you will recognise the same family here. Choose this when you want something that feels intentional — strong as a signature or a gift that stands out.",14000,18900,https://cms.perfumeplugkenya.com/wp-content/uploads/mancera-coco-vanille-eau-de-parfum-120-ml.jpg,[],False,True,50,WOM-076,published,0.3,"[""edp"", ""floral"", ""fragrance"", ""gourmand"", ""luxury"", ""niche"", ""perfume"", ""women""]",[],"[""120ml""]"
"Mancera Musky Garden - Eau de Parfum, 120ml",mancera-musky-garden-eau-de-parfum-120ml,"Bright, cheerful and easy to love. Mancera Musky Garden - Eau de Parfum, 120ml is for the discerning wearer looking for a reliable signature scent. Notes lean Floral · Musky · Fruity. Best for daytime to early evening; spring and warmer months. If you like Carolina Herrera Good Girl and Dolce & Gabbana Light Blue, you will recognise the same family here. Choose this when you want something that feels intentional — strong as a signature or a gift that stands out.",14500,19575,https://cms.perfumeplugkenya.com/wp-content/uploads/mancera-musky-garden-eau-de-parfum-120-ml.jpg,[],False,True,50,MEN-093,published,0.3,"[""edp"", ""floral"", ""fragrance"", ""fruity"", ""luxury"", ""men"", ""musky"", ""niche"", ""perfume""]",[],"[""120ml""]"
"Mancera Roses Vanille - Eau de Parfum, 120ml",mancera-roses-vanille-eau-de-parfum-120ml,"Warm, inviting and quietly addictive. Mancera Roses Vanille - Eau de Parfum, 120ml is for the man who enjoys sweet-meets-masculine warmth. Notes lean Sweet · floral · vanilla · romantic. Best for autumn and winter evenings, and cosy occasions. If you like Viktor & Rolf Flowerbomb and Tom Ford Tobacco Vanille, you will recognise the same family here. Choose this when you want something that feels intentional — strong as a signature or a gift that stands out.",14500,19575,https://cms.perfumeplugkenya.com/wp-content/uploads/mancera-roses-vanille-eau-de-parfum-120-ml-1.jpg,[],False,True,50,MEN-094,published,0.3,"[""edp"", ""floral"", ""fragrance"", ""gourmand"", ""luxury"", ""men"", ""niche"", ""oriental"", ""perfume""]",[],"[""120ml""]"
"Mancera Vanille exclusive - Eau de Parfum, 120ml",mancera-vanille-exclusive-eau-de-parfum-120ml,"Warm, enveloping and full of depth. Mancera Vanille exclusive - Eau de Parfum, 120ml is for someone who wants depth, richness and evening presence. Notes lean Amber Floral · Vanilla. Best for cooler evenings, formal events and night-time presence. If you like Gucci Bloom and Viktor & Rolf Flowerbomb, you will recognise the same family here. Choose this when you want something that feels intentional — strong as a signature or a gift that stands out.",14500,19575,https://cms.perfumeplugkenya.com/wp-content/uploads/mancera_vanille_exclusive_edp_120_ml-price-in-kenya.jpg,[],False,True,50,MEN-095,published,0.3,"[""edp"", ""floral"", ""fragrance"", ""luxury"", ""men"", ""niche"", ""oriental"", ""perfume""]",[],"[""120ml""]"
"Marc Jacobs Daisy giftset - Eau de Toilette, 100ml + 75ml body lotion + 10 ml pen spray",marc-jacobs-daisy-giftset-eau-de-toilette-100ml-75ml-body-lotion-10-ml-pen-spray,"Elegant, floral and polished. Marc Jacobs Daisy giftset - Eau de Toilette, 100ml + 75ml body lotion + 10 ml pen spray is for the woman who loves classic elegance with a modern touch. Notes lean Floral · Fruity · Fresh. Eau de toilette — lighter and more refreshing. Best for daytime to early evening; spring and warmer months. If you like Davidoff Cool Water and Carolina Herrera Good Girl, you will recognise the same family here. Comes as a set, so it is ready to give without extra wrapping stress.",14500,19575,https://cms.perfumeplugkenya.com/wp-content/uploads/marc_jacobs_perfume_women_daisy_eau_de_toilette_edt_100ml_gift_set.jpg,[],False,True,50,WOM-077,published,0.3,"[""edt"", ""floral"", ""fragrance"", ""fresh"", ""fruity"", ""gift-set"", ""perfume"", ""women""]",[],"[""100ml""]"
"Marc Jacobs Perfect giftset - Eau de Parfum, 100ml + 75 ml body lotion",marc-jacobs-perfect-giftset-eau-de-parfum-100ml-75-ml-body-lotion,"Warm, inviting and quietly addictive. Marc Jacobs Perfect giftset - Eau de Parfum, 100ml + 75 ml body lotion is for someone who enjoys soft, comforting, slightly sweet scents. Notes lean Floral · Creamy · Woody. Best for autumn and winter evenings, and cosy occasions. If you like YSL Black Opium and Chanel Coco Mademoiselle, you will recognise the same family here. Comes as a set, so it is ready to give without extra wrapping stress.",14000,18900,https://cms.perfumeplugkenya.com/wp-content/uploads/marc-jacobs-perfect-gift-set-100ml-edt-75ml-body-lotion-price-in-kenya.png,[],False,True,50,WOM-078,published,0.3,"[""edp"", ""floral"", ""fragrance"", ""gift-set"", ""gourmand"", ""perfume"", ""women"", ""woody""]",[],"[""100ml""]"
"Mercedes-Benz AMG red thrill - Eau de Parfum, 100 ml + 75g deodorant stick (alcohol free)",mercedes-benz-amg-red-thrill-eau-de-parfum-100-ml-75g-deodorant-stick-alcohol-free,"Spiced, warm and full of character. Mercedes-Benz AMG red thrill - Eau de Parfum, 100 ml + 75g deodorant stick (alcohol free) is for the man who enjoys warmth and a touch of boldness. Notes lean Spicy woody with a rush of freshness. Best for evenings, autumn and winter, and date nights. If you like Tom Ford Oud Wood and Acqua di Gio, you will recognise the same family here. Easy enough for daily wear and a reliable, elevated gift choice.",9000,12150,https://cms.perfumeplugkenya.com/wp-content/uploads/mercedes-benz-amg-red-thrill-gift-set-100ml-edt-75-g-deo-stick-alcohol-free.webp,[],False,True,50,MEN-096,published,0.3,"[""edp"", ""fragrance"", ""fresh"", ""men"", ""perfume"", ""spicy"", ""woody""]",[],"[""100ml""]"
"Mercedes-Benz Intense - Eau de Toilette, 120 ml",mercedes-benz-intense-eau-de-toilette-120-ml,"Spiced, warm and full of character. Mercedes-Benz Intense - Eau de Toilette, 120 ml is for the man who enjoys warmth and a touch of boldness. Notes lean Woody · Spicy. Eau de toilette — lighter and more refreshing. Best for evenings, autumn and winter, and date nights. If you like Bleu de Chanel and Viktor & Rolf Spicebomb, you will recognise the same family here. Easy enough for daily wear and a reliable, elevated gift choice.",8000,10800,https://cms.perfumeplugkenya.com/wp-content/uploads/mercedes-benz-intense-eau-de-toilette-120-ml.jpg,[],False,True,50,MEN-097,published,0.3,"[""edt"", ""fragrance"", ""men"", ""perfume"", ""spicy"", ""woody""]",[],"[""120ml""]"
"Miss Dior - Parfum, 100 ml",miss-dior-parfum-100-ml,"Warm, enveloping and full of depth. Miss Dior - Parfum, 100 ml is for the woman who wants warmth, depth and evening allure. Notes lean Fruity · Floral · Ambery · Moderate-Bold. Parfum concentration with deeper presence. Best for cooler evenings, formal events and night-time presence. If you like Mugler Angel and Marc Jacobs Daisy, you will recognise the same family here. Choose this when you want something that feels intentional — strong as a signature or a gift that stands out.",29500,39825,https://cms.perfumeplugkenya.com/wp-content/uploads/dior-miss-dior-best-prices-in-kenya-perfumeplugkenya.jpg,[],False,True,50,WOM-079,published,0.3,"[""designer"", ""floral"", ""fragrance"", ""fruity"", ""oriental"", ""parfum"", ""perfume"", ""premium"", ""women""]",[],"[""100ml""]"
"Montale Arabians Tonka - Eau de Parfum, 100ml",montale-arabians-tonka-eau-de-parfum-100ml,"Warm, inviting and quietly addictive. Montale Arabians Tonka - Eau de Parfum, 100ml is for the man who enjoys sweet-meets-masculine warmth. Notes lean Sweet Amber · Oud · Warm Spicy. Best for autumn and winter evenings, and cosy occasions. If you like Bleu de Chanel and Ariana Grande Cloud, you will recognise the same family here. Choose this when you want something that feels intentional — strong as a signature or a gift that stands out.",19000,25650,https://cms.perfumeplugkenya.com/wp-content/uploads/montale-arabians-tonka-eau-de-parfum-100ml_.jpg,[],False,True,50,MEN-098,published,0.3,"[""edp"", ""fragrance"", ""gourmand"", ""luxury"", ""men"", ""niche"", ""oriental"", ""perfume"", ""premium"", ""spicy"", ""woody""]",[],"[""100ml""]"
"Montblanc Individuel - Eau de Toilette, 75ml",montblanc-individuel-eau-de-toilette-75ml,"Warm, enveloping and full of depth. Montblanc Individuel - Eau de Toilette, 75ml is for someone who wants depth, richness and evening presence. Notes lean Amber woody. Eau de toilette — lighter and more refreshing. Best for cooler evenings, formal events and night-time presence. If you like Terre d'Hermès and Tom Ford Oud Wood, you will recognise the same family here. Easy enough for daily wear and a reliable, elevated gift choice.",7500,10125,https://cms.perfumeplugkenya.com/wp-content/uploads/INDIVIDUEL-75ML-EDT-M.jpg,[],False,True,50,MEN-099,published,0.3,"[""designer"", ""edt"", ""fragrance"", ""men"", ""oriental"", ""perfume"", ""woody""]",[],"[""75ml""]"
"Montblanc Individuelle - Eau de Toilette, 75ml",montblanc-individuelle-eau-de-toilette-75ml,"Warm, enveloping and full of depth. Montblanc Individuelle - Eau de Toilette, 75ml is for the woman who wants warmth, depth and evening allure. Notes lean Spicy Pink Pepper · Delicate Lotus · Warm Vanilla. Eau de toilette — lighter and more refreshing. Best for cooler evenings, formal events and night-time presence. If you like Emporio Armani Stronger With You and Mugler Angel, you will recognise the same family here. Easy enough for daily wear and a reliable, elevated gift choice.",6000,8100,https://cms.perfumeplugkenya.com/wp-content/uploads/mont-blanc-individuelle-eau-de-toilette-75-ml.jpg,[],False,True,50,WOM-080,published,0.3,"[""designer"", ""edt"", ""fragrance"", ""oriental"", ""perfume"", ""spicy"", ""women""]",[],"[""75ml""]"
"Montblanc Lady Emblem - Eau de Parfum, 75 ml",montblanc-lady-emblem-eau-de-parfum-75-ml,"Warm, inviting and quietly addictive. Montblanc Lady Emblem - Eau de Parfum, 75 ml is for someone who enjoys soft, comforting, slightly sweet scents. Notes lean Fruity Floral · Sweet Raspberry · Soft Rose. Best for autumn and winter evenings, and cosy occasions. If you like Marc Jacobs Daisy and YSL Black Opium, you will recognise the same family here. Easy enough for daily wear and a reliable, elevated gift choice.",8500,11475,https://cms.perfumeplugkenya.com/wp-content/uploads/mont-blanc-lady-emblem-eau-de-parfum-perfume-spray-75ml.webp,[],False,True,50,WOM-081,published,0.3,"[""designer"", ""edp"", ""floral"", ""fragrance"", ""fruity"", ""gourmand"", ""perfume"", ""women""]",[],"[""75ml""]"
"Montblanc Legend Night - Eau de Parfum, 100 ml",montblanc-legend-night-eau-de-parfum-100-ml,"Woody, grounded and modern. Montblanc Legend Night - Eau de Parfum, 100 ml is for the modern gentleman who likes polished, versatile scents. Notes lean Woody Aromatic. Best for all-year versatility — meetings, weekends and everything in between. If you like Terre d'Hermès and Dior Sauvage, you will recognise the same family here. Easy enough for daily wear and a reliable, elevated gift choice.",9500,12825,https://cms.perfumeplugkenya.com/wp-content/uploads/mont-blanc-legend-night-eau-de-parfum-100ml.webp,[],False,True,50,MEN-100,published,0.3,"[""aromatic"", ""designer"", ""edp"", ""fragrance"", ""men"", ""perfume"", ""woody""]",[],"[""100ml""]"
Montblanc Legend Spirit 100ml EDT - Fresh Men's Perfume,montblanc-legend-spirit-100ml-edt-fresh-mens-perfume,"Clean, bright and effortlessly wearable. Montblanc Legend Spirit 100ml EDT - Fresh Men's Perfume is for anyone who loves bright, energising openings. Notes lean Woody Aromatic · Citrus · Aquatic · Fresh Musky. Eau de toilette — lighter and more refreshing. Best for mornings and daytime, especially in spring and summer. If you like Davidoff Cool Water and YSL Y, you will recognise the same family here. Easy enough for daily wear and a reliable, elevated gift choice.",8500,11475,https://cms.perfumeplugkenya.com/wp-content/uploads/mont-blanc-legend-spirit-eau-de-toilette-100ml.jpg,[],False,True,50,MEN-101,published,0.3,"[""aromatic"", ""citrus"", ""designer"", ""edt"", ""fragrance"", ""fresh"", ""men"", ""musky"", ""perfume"", ""woody""]",[],"[""100ml""]"
"Montblanc Signature - Eau de Parfum, 90ml",montblanc-signature-eau-de-parfum-90ml,"Warm, inviting and quietly addictive. Montblanc Signature - Eau de Parfum, 90ml is for someone who enjoys soft, comforting, slightly sweet scents. Notes lean Soft floral · creamy · musky. Best for autumn and winter evenings, and cosy occasions. If you like Miss Dior and Viktor & Rolf Flowerbomb, you will recognise the same family here. Easy enough for daily wear and a reliable, elevated gift choice.",12500,16875,https://cms.perfumeplugkenya.com/wp-content/uploads/mont-blanc-signature-eau-de-parfum-90-ml.jpg,[],False,True,50,WOM-082,published,0.3,"[""designer"", ""edp"", ""floral"", ""fragrance"", ""gourmand"", ""musky"", ""perfume"", ""women""]",[],"[""90ml""]"
"Montblanc signature elixir - Eau de Parfum, 90 ml",montblanc-signature-elixir-eau-de-parfum-90-ml,"Warm, enveloping and full of depth. Montblanc signature elixir - Eau de Parfum, 90 ml is for the woman who wants warmth, depth and evening allure. Notes lean Floral · Vanilla · Warm. Best for cooler evenings, formal events and night-time presence. If you like Gucci Bloom and Mugler Angel, you will recognise the same family here. Easy enough for daily wear and a reliable, elevated gift choice.",14500,19575,https://cms.perfumeplugkenya.com/wp-content/uploads/mont-blanc-signature-elixir-eau-de-parfum-90ml-perfume-plug-kenya-.jpg,[],False,True,50,WOM-083,published,0.3,"[""designer"", ""edp"", ""floral"", ""fragrance"", ""oriental"", ""perfume"", ""women""]",[],"[""90ml""]"
"Moschino Toy Boy - Eau de Parfum, 100 ml",moschino-toy-boy-eau-de-parfum-100-ml,"Spiced, warm and full of character. Moschino Toy Boy - Eau de Parfum, 100 ml is for the man who enjoys warmth and a touch of boldness. Built around spice · florals · woods. Best for evenings, autumn and winter, and date nights. If you like Terre d'Hermès and Paco Rabanne 1 Million, you will recognise the same family here. Easy enough for daily wear and a reliable, elevated gift choice.",8500,11475,https://cms.perfumeplugkenya.com/wp-content/uploads/TOY-BOY-100ML-EDP.jpg,[],False,True,50,MEN-102,published,0.3,"[""edp"", ""floral"", ""fragrance"", ""men"", ""perfume"", ""spicy"", ""woody""]",[],"[""100ml""]"
"Mugler Alien Refillable - Eau de Parfum, 90ml",mugler-alien-refillable-eau-de-parfum-90ml,"Warm, enveloping and full of depth. Mugler Alien Refillable - Eau de Parfum, 90ml is for the woman who wants warmth, depth and evening allure. Notes lean Floral · Amber · Woody. Best for cooler evenings, formal events and night-time presence. If you like Miss Dior and Tom Ford Oud Wood, you will recognise the same family here. Easy enough for daily wear and a reliable, elevated gift choice.",14500,19575,https://cms.perfumeplugkenya.com/wp-content/uploads/buy-original-mugler_alien_90ml_refillable-in-kenya.webp,[],False,True,50,WOM-084,published,0.3,"[""designer"", ""edp"", ""floral"", ""fragrance"", ""oriental"", ""perfume"", ""women"", ""woody""]",[],"[""90ml""]"
"Mugler alien goddess - Eau de Parfum, 30 ml",mugler-alien-goddess-eau-de-parfum-30-ml,"Warm, enveloping and full of depth. Mugler alien goddess - Eau de Parfum, 30 ml is for the woman who wants warmth, depth and evening allure. Notes lean Floral · Vanilla · Woody. Best for cooler evenings, formal events and night-time presence. If you like Viktor & Rolf Flowerbomb and Miss Dior, you will recognise the same family here. Easy enough for daily wear and a reliable, elevated gift choice.",8900,12015,https://cms.perfumeplugkenya.com/wp-content/uploads/mugler_alien_goddesses_30-ml-edp-price-in-kenya.webp,[],False,True,50,WOM-085,published,0.3,"[""designer"", ""edp"", ""floral"", ""fragrance"", ""oriental"", ""perfume"", ""women"", ""woody""]",[],"[""30ml""]"
"Narciso Rodriguez Musc Noir Rose for her - Eau de Parfum, 100 ml",narciso-rodriguez-musc-noir-rose-for-her-eau-de-parfum-100-ml,"Warm, enveloping and full of depth. Narciso Rodriguez Musc Noir Rose for her - Eau de Parfum, 100 ml is for the woman who wants warmth, depth and evening allure. Notes lean Soft · musky · floral-amber. Best for cooler evenings, formal events and night-time presence. If you like YSL Black Opium and Chanel Coco Mademoiselle, you will recognise the same family here. Easy enough for daily wear and a reliable, elevated gift choice.",18000,24300,https://cms.perfumeplugkenya.com/wp-content/uploads/Narciso-Rodriquez-Musc-Noir-Rose-for-her-eau-de-parfum.webp,[],False,True,50,WOM-086,published,0.3,"[""designer"", ""edp"", ""floral"", ""fragrance"", ""musky"", ""oriental"", ""perfume"", ""premium"", ""women""]",[],"[""100ml""]"
"Narciso Rodriguez Poudree - Eau de Parfum, 90ml",narciso-rodriguez-poudree-eau-de-parfum-90ml,"Elegant, floral and polished. Narciso Rodriguez Poudree - Eau de Parfum, 90ml is for the woman who loves classic elegance with a modern touch. Notes lean Floral · woody · Musk. Best for daytime to early evening; spring and warmer months. If you like Miss Dior and Chanel Coco Mademoiselle, you will recognise the same family here. Easy enough for daily wear and a reliable, elevated gift choice.",13500,18225,https://cms.perfumeplugkenya.com/wp-content/uploads/narciso-rodriguez-narciso-poudree-eau-de-parfum-90-ml-1.jpgs_.jpg,[],False,True,50,WOM-087,published,0.3,"[""arabic"", ""designer"", ""edp"", ""floral"", ""fragrance"", ""middle-eastern"", ""musky"", ""perfume"", ""women"", ""woody""]",[],"[""90ml""]"
"Narciso Rodriguez pure musc for her - Eau de Parfum, 100 ml",narciso-rodriguez-pure-musc-for-her-eau-de-parfum-100-ml,"Elegant, floral and polished. Narciso Rodriguez pure musc for her - Eau de Parfum, 100 ml is for the woman who loves classic elegance with a modern touch. Notes lean Musky · Floral · Soft Woody. Best for daytime to early evening; spring and warmer months. If you like Miss Dior and Bleu de Chanel, you will recognise the same family here. Easy enough for daily wear and a reliable, elevated gift choice.",14500,19575,https://cms.perfumeplugkenya.com/wp-content/uploads/narciso-rodriguez-for-her-pure-musc-eau-de-parfum-perfume-100ml.png,[],False,True,50,WOM-088,published,0.3,"[""designer"", ""edp"", ""floral"", ""fragrance"", ""musky"", ""perfume"", ""women"", ""woody""]",[],"[""100ml""]"
"Nautica Voyage - Eau de Toilette, 100 ml",nautica-voyage-eau-de-toilette-100-ml,"Bright, cheerful and easy to love. Nautica Voyage - Eau de Toilette, 100 ml is for the active professional who wants to feel clean and sharp all day. Notes lean Crisp Green Apple · Aquatic Lotus · Clean Musk. Eau de toilette — lighter and more refreshing. Best for daytime, casual outings and warmer weather. If you like Versace Man Eau Fraiche and Byredo Blanche, you will recognise the same family here. Easy enough for daily wear and a reliable, elevated gift choice.",5500,7425,https://cms.perfumeplugkenya.com/wp-content/uploads/nautica-voyage-eau-de-toilette-100-ml-cheap-designer-perfumes-in-kenya.jpg,[],False,True,50,MEN-103,published,0.3,"[""edt"", ""fragrance"", ""fresh"", ""fruity"", ""green"", ""men"", ""musky"", ""perfume""]",[],"[""100ml""]"
"New Notes Caramelo vanilla - Extrait de Parfum, 50 ml",new-notes-caramelo-vanilla-extrait-de-parfum-50-ml,"Warm, inviting and quietly addictive. New Notes Caramelo vanilla - Extrait de Parfum, 50 ml is for the man who enjoys sweet-meets-masculine warmth. Notes lean Gourmand · Sweet · Caramel · Vanilla · Creamy. Extrait strength for richer, longer wear. Best for autumn and winter evenings, and cosy occasions. If you like Ariana Grande Cloud and Lancôme La Vie Est Belle, you will recognise the same family here. Choose this when you want something that feels intentional — strong as a signature or a gift that stands out.",24000,32400,https://cms.perfumeplugkenya.com/wp-content/uploads/buy-new_notes_caramelo_vanilla_extrait_de_parfum-niche-fragrance-in-kenya.webp,[],False,True,50,MEN-104,published,0.3,"[""extrait"", ""fragrance"", ""gourmand"", ""men"", ""niche"", ""oriental"", ""perfume"", ""premium""]",[],"[""50ml""]"
"New Notes Latte Pistachio - Extrait de Parfum, 50 ml",new-notes-latte-pistachio-extrait-de-parfum-50-ml,"Warm, inviting and quietly addictive. New Notes Latte Pistachio - Extrait de Parfum, 50 ml is for the man who enjoys sweet-meets-masculine warmth. Notes lean Gourmand · Nutty · Creamy · Sweet · Milky. Extrait strength for richer, longer wear. Best for autumn and winter evenings, and cosy occasions. If you like Lancôme La Vie Est Belle and Ariana Grande Cloud, you will recognise the same family here. Choose this when you want something that feels intentional — strong as a signature or a gift that stands out.",29000,39150,https://cms.perfumeplugkenya.com/wp-content/uploads/buy-new_notes_latte_pistachio_extrait_de_parfum_50_ml_in-kenya.webp,[],False,True,50,MEN-105,published,0.3,"[""extrait"", ""fragrance"", ""gourmand"", ""men"", ""niche"", ""perfume"", ""premium""]",[],"[""50ml""]"
"Nishane Hundred Silent Ways X - Extrait de Parfum, 100 ml",nishane-hundred-silent-ways-x-extrait-de-parfum-100-ml,"Warm, enveloping and full of depth. Nishane Hundred Silent Ways X - Extrait de Parfum, 100 ml is for someone who wants depth, richness and evening presence. Notes lean Rich · Floral · Vanilla · Woody. Extrait strength for richer, longer wear. Best for cooler evenings, formal events and night-time presence. If you like Miss Dior and Tom Ford Oud Wood, you will recognise the same family here. Choose this when you want something that feels intentional — strong as a signature or a gift that stands out.",28500,38475,https://cms.perfumeplugkenya.com/wp-content/uploads/buy-nishane-hundred-silent-ways-x-in-kenya.png,[],False,True,50,MEN-106,published,0.3,"[""extrait"", ""floral"", ""fragrance"", ""luxury"", ""men"", ""niche"", ""oriental"", ""perfume"", ""premium"", ""woody""]",[],"[""100ml""]"
"Paco Rabanne 1 Million - Parfum, 100 ml",paco-rabanne-1-million-parfum-100-ml,"Dark, textured and memorable. Paco Rabanne 1 Million - Parfum, 100 ml is for the refined wearer who likes dark, sophisticated character. Notes lean Floral leather · warm · salty · sun-drenched. Parfum concentration with deeper presence. Best for evenings and cooler months — statement occasions. If you like Tom Ford Tuscan Leather and Viktor & Rolf Flowerbomb, you will recognise the same family here. Choose this when you want something that feels intentional — strong as a signature or a gift that stands out.",19500,26325,https://cms.perfumeplugkenya.com/wp-content/uploads/rabanne-1-million-parfum-buy-in-kenya.avif,[],False,True,50,MEN-107,published,0.3,"[""designer"", ""floral"", ""fragrance"", ""leather"", ""men"", ""parfum"", ""perfume"", ""premium""]",[],"[""100ml""]"
"Paco Rabanne Olympea - Parfum, 80 ml",paco-rabanne-olympea-parfum-80-ml,"Warm, enveloping and full of depth. Paco Rabanne Olympea - Parfum, 80 ml is for the woman who wants warmth, depth and evening allure. Notes lean Vanilla · White Floral · Warm. Parfum concentration with deeper presence. Best for cooler evenings, formal events and night-time presence. If you like Mugler Angel and Gucci Bloom, you will recognise the same family here. Easy enough for daily wear and a reliable, elevated gift choice.",16500,22275,https://cms.perfumeplugkenya.com/wp-content/uploads/buy-original-perfumes-in-kenya-olympea-parfum-paco-rabanne_.webp,[],False,True,50,WOM-089,published,0.3,"[""designer"", ""floral"", ""fragrance"", ""oriental"", ""parfum"", ""perfume"", ""premium"", ""women""]",[],"[""80ml""]"
"Parfums de Marly athair - Eau de Parfum, 75 ml",parfums-de-marly-athair-eau-de-parfum-75-ml,"Warm, enveloping and full of depth. Parfums de Marly athair - Eau de Parfum, 75 ml is for someone who wants depth, richness and evening presence. Notes lean Vanilla · Amber · Woody. Best for cooler evenings, formal events and night-time presence. If you like Dior Sauvage and Mugler Angel, you will recognise the same family here. Choose this when you want something that feels intentional — strong as a signature or a gift that stands out.",31500,42525,https://cms.perfumeplugkenya.com/wp-content/uploads/buy-parfums-de-marly-athair-in-kenya-www.perfumeplugkenya.com_.webp,[],False,True,50,MEN-108,published,0.3,"[""edp"", ""fragrance"", ""luxury"", ""men"", ""niche"", ""oriental"", ""perfume"", ""premium"", ""woody""]",[],"[""75ml""]"
"Prada Luna Rossa Carbon - Eau de Toilette, 100ml",prada-luna-rossa-carbon-eau-de-toilette-100ml,"Clean, bright and effortlessly wearable. Prada Luna Rossa Carbon - Eau de Toilette, 100ml is for anyone who loves bright, energising openings. Notes lean Citrus · Aromatic · Woody · Musky. Eau de toilette — lighter and more refreshing. Best for mornings and daytime, especially in spring and summer. If you like Byredo Blanche and Montblanc Legend, you will recognise the same family here. Easy enough for daily wear and a reliable, elevated gift choice.",18000,24300,https://cms.perfumeplugkenya.com/wp-content/uploads/prada-luna-rossa-carbon-eau-de-toilette-100-mls.jpg,[],False,True,50,MEN-109,published,0.3,"[""aromatic"", ""citrus"", ""designer"", ""edt"", ""fragrance"", ""men"", ""musky"", ""perfume"", ""premium"", ""woody""]",[],"[""100ml""]"
"Prada Milano La femme Intense - Eau de Parfum, 100ml",prada-milano-la-femme-intense-eau-de-parfum-100ml,"Warm, enveloping and full of depth. Prada Milano La femme Intense - Eau de Parfum, 100ml is for the woman who wants warmth, depth and evening allure. Notes lean Floral · Oriental · Warm · Powdery. Best for cooler evenings, formal events and night-time presence. If you like Mugler Angel and Tom Ford Tobacco Vanille, you will recognise the same family here. Choose this when you want something that feels intentional — strong as a signature or a gift that stands out.",19500,26325,https://cms.perfumeplugkenya.com/wp-content/uploads/Prada-La-Femme-Intense-Edp-best-price-in-kenya-1100x1100-1.jpg,[],False,True,50,WOM-090,published,0.3,"[""designer"", ""edp"", ""floral"", ""fragrance"", ""oriental"", ""perfume"", ""powdery"", ""premium"", ""women""]",[],"[""100ml""]"
"Prada Paradoxe Intense - Eau de Parfum, 90ml",prada-paradoxe-intense-eau-de-parfum-90ml,"Warm, enveloping and full of depth. Prada Paradoxe Intense - Eau de Parfum, 90ml is for the woman who wants warmth, depth and evening allure. Notes lean Amber · Floral · woody. Best for cooler evenings, formal events and night-time presence. If you like Bleu de Chanel and Tom Ford Tobacco Vanille, you will recognise the same family here. Choose this when you want something that feels intentional — strong as a signature or a gift that stands out.",24500,33075,https://cms.perfumeplugkenya.com/wp-content/uploads/Prada-paradoxe-eau-de-parfum-intense-90ml-in-kenya-.avif,[],False,True,50,WOM-091,published,0.3,"[""designer"", ""edp"", ""floral"", ""fragrance"", ""oriental"", ""perfume"", ""premium"", ""women"", ""woody""]",[],"[""90ml""]"
"Ralph Lauren Polo Blue - Eau de Toilette, 125 ml",ralph-lauren-polo-blue-eau-de-toilette-125-ml,"Clean, bright and effortlessly wearable. Ralph Lauren Polo Blue - Eau de Toilette, 125 ml is for the active professional who wants to feel clean and sharp all day. Notes lean Fresh · aquatic · crisp. Eau de toilette — lighter and more refreshing. Best for daytime, warmer months, the office and casual settings. If you like Acqua di Gio and Issey Miyake L'Eau d'Issey, you will recognise the same family here. Easy enough for daily wear and a reliable, elevated gift choice.",11500,15525,https://cms.perfumeplugkenya.com/wp-content/uploads/ralph-lauren-fragrances-polo-blue-eau-de-toilette-75ml-front.jpg,[],False,True,50,MEN-110,published,0.3,"[""edt"", ""fragrance"", ""fresh"", ""men"", ""perfume""]",[],"[""125ml""]"
"Ralph Lauren Safari for men - Eau de Toilette, 125 ml",ralph-lauren-safari-for-men-eau-de-toilette-125-ml,"Clean, bright and effortlessly wearable. Ralph Lauren Safari for men - Eau de Toilette, 125 ml is for the active professional who wants to feel clean and sharp all day. Notes lean Woody Aromatic · fresh. Eau de toilette — lighter and more refreshing. Best for daytime, warmer months, the office and casual settings. If you like Prada Luna Rossa and Terre d'Hermès, you will recognise the same family here. Easy enough for daily wear and a reliable, elevated gift choice.",11000,14850,https://cms.perfumeplugkenya.com/wp-content/uploads/ralph-lauren-fragrances-safari-for-men-eau-de-toilette-125mls.jpg,[],False,True,50,MEN-111,published,0.3,"[""aromatic"", ""edt"", ""fragrance"", ""fresh"", ""men"", ""perfume"", ""woody""]",[],"[""125ml""]"
"Rasasi Hawas Elixir for men - Eau de Parfum, 100 ml",rasasi-hawas-elixir-for-men-eau-de-parfum-100-ml,"Warm, inviting and quietly addictive. Rasasi Hawas Elixir for men - Eau de Parfum, 100 ml is for the man who enjoys sweet-meets-masculine warmth. Notes lean woody · spicy · vanilla · sweet. Best for autumn and winter evenings, and cosy occasions. If you like Mugler Angel and Viktor & Rolf Spicebomb, you will recognise the same family here. Easy enough for daily wear and a reliable, elevated gift choice.",6000,8100,https://cms.perfumeplugkenya.com/wp-content/uploads/rasasi-hawas-elixir.-in-kenya.jpg,[],False,True,50,MEN-112,published,0.3,"[""arabic"", ""edp"", ""fragrance"", ""gourmand"", ""men"", ""middle-eastern"", ""oriental"", ""perfume"", ""spicy"", ""woody""]",[],"[""100ml""]"
"Roberto Cavalli Just Cavalli - Eau de Toilette, 100ml",roberto-cavalli-just-cavalli-eau-de-toilette-100ml,"Warm, inviting and quietly addictive. Roberto Cavalli Just Cavalli - Eau de Toilette, 100ml is for the man who enjoys sweet-meets-masculine warmth. Notes lean Bright Neroli · Creamy Tiare Flower · Warm Rosewood. Eau de toilette — lighter and more refreshing. Best for autumn and winter evenings, and cosy occasions. If you like Miss Dior and YSL Black Opium, you will recognise the same family here. Easy enough for daily wear and a reliable, elevated gift choice.",6500,8775,https://cms.perfumeplugkenya.com/wp-content/uploads/JUST-CAVALLI-90ML-EDT-M.jpg,[],False,True,50,MEN-113,published,0.3,"[""edt"", ""floral"", ""fragrance"", ""gourmand"", ""men"", ""perfume"", ""woody""]",[],"[""100ml""]"
"Roberto Cavalli Nero Assoluto - Eau de Parfum, 75ml",roberto-cavalli-nero-assoluto-eau-de-parfum-75ml,"Warm, enveloping and full of depth. Roberto Cavalli Nero Assoluto - Eau de Parfum, 75ml is for the woman who wants warmth, depth and evening allure. Notes lean Amber · Floral · Woody. Best for cooler evenings, formal events and night-time presence. If you like Bleu de Chanel and Tom Ford Tobacco Vanille, you will recognise the same family here. Easy enough for daily wear and a reliable, elevated gift choice.",7500,10125,https://cms.perfumeplugkenya.com/wp-content/uploads/roberto-cavalli-nero-assoluto-eau-de-parfum-75-ml-women.jpg,[],False,True,50,WOM-092,published,0.3,"[""edp"", ""floral"", ""fragrance"", ""oriental"", ""perfume"", ""women"", ""woody""]",[],"[""75ml""]"
"Roberto Cavalli Paradiso - Eau de Parfum, 75 ml",roberto-cavalli-paradiso-eau-de-parfum-75-ml,"Elegant, floral and polished. Roberto Cavalli Paradiso - Eau de Parfum, 75 ml is for the woman who loves classic elegance with a modern touch. Notes lean Bright Mandarin · Wild Jasmine · Warm Cypress. Best for daytime to early evening; spring and warmer months. If you like Chanel Coco Mademoiselle and Dolce & Gabbana Light Blue, you will recognise the same family here. Easy enough for daily wear and a reliable, elevated gift choice.",7500,10125,https://cms.perfumeplugkenya.com/wp-content/uploads/roberto-cavalli-paradiso-eau-de-parfum-75ml.png,[],False,True,50,WOM-093,published,0.3,"[""citrus"", ""edp"", ""floral"", ""fragrance"", ""perfume"", ""women""]",[],"[""75ml""]"
"Roberto Cavalli Paradiso Assoluto - Eau de Parfum, 75 ml",roberto-cavalli-paradiso-assoluto-eau-de-parfum-75-ml,"Warm, enveloping and full of depth. Roberto Cavalli Paradiso Assoluto - Eau de Parfum, 75 ml is for the woman who wants warmth, depth and evening allure. Notes lean Lush Floral · Warm Vanilla · Spicy Wisteria. Best for cooler evenings, formal events and night-time presence. If you like Viktor & Rolf Spicebomb and Dolce & Gabbana The One, you will recognise the same family here. Easy enough for daily wear and a reliable, elevated gift choice.",7000,9450,https://cms.perfumeplugkenya.com/wp-content/uploads/roberto-cavalli-paradiso-assoluto-eau-de-parfum-75ml.png,[],False,True,50,WOM-094,published,0.3,"[""edp"", ""floral"", ""fragrance"", ""oriental"", ""perfume"", ""spicy"", ""women""]",[],"[""75ml""]"
"Roberto Cavalli Paradiso Rosa - Eau de Parfum, 75 ml",roberto-cavalli-paradiso-rosa-eau-de-parfum-75-ml,"Elegant, floral and polished. Roberto Cavalli Paradiso Rosa - Eau de Parfum, 75 ml is for the woman who loves classic elegance with a modern touch. Notes lean Floral · Fruity · Woody. Best for daytime to early evening; spring and warmer months. If you like Dolce & Gabbana Light Blue and Terre d'Hermès, you will recognise the same family here. Easy enough for daily wear and a reliable, elevated gift choice.",7500,10125,https://cms.perfumeplugkenya.com/wp-content/uploads/buy-in-kenya-roberto-cavalii-paradiso-rosa-eau-de-parfum-75ml.jpg,[],False,True,50,WOM-095,published,0.3,"[""edp"", ""floral"", ""fragrance"", ""fruity"", ""perfume"", ""women"", ""woody""]",[],"[""75ml""]"
"Roberto Cavalli uomo - parfum, 100 ml",roberto-cavalli-uomo-parfum-100-ml,"Warm, inviting and quietly addictive. Roberto Cavalli uomo - parfum, 100 ml is for the man who enjoys sweet-meets-masculine warmth. Notes lean Warm · Sweet · Woody. Parfum concentration with deeper presence. Best for autumn and winter evenings, and cosy occasions. If you like Ariana Grande Cloud and Dior Sauvage, you will recognise the same family here. Easy enough for daily wear and a reliable, elevated gift choice.",7500,10125,https://cms.perfumeplugkenya.com/wp-content/uploads/roberto-cavalli-uomo-parfum-100ml-buy-original-perfumes-in-kenya.jpg,[],False,True,50,MEN-114,published,0.3,"[""fragrance"", ""gourmand"", ""men"", ""parfum"", ""perfume"", ""woody""]",[],"[""100ml""]"
"Salvatore Ferragamo Acqua Essenziale - Eau de Toilette, 100ml",salvatore-ferragamo-acqua-essenziale-eau-de-toilette-100ml,"Clean, bright and effortlessly wearable. Salvatore Ferragamo Acqua Essenziale - Eau de Toilette, 100ml is for the active professional who wants to feel clean and sharp all day. Notes lean Fresh · Aromatic · Woody. Eau de toilette — lighter and more refreshing. Best for daytime, warmer months, the office and casual settings. If you like Montblanc Legend and Terre d'Hermès, you will recognise the same family here. Easy enough for daily wear and a reliable, elevated gift choice.",8000,10800,https://cms.perfumeplugkenya.com/wp-content/uploads/salvatore-ferragamo-acqua-essenziale-pour-homme-edt-price-in-kenya.webp,[],False,True,50,MEN-115,published,0.3,"[""aromatic"", ""edt"", ""fragrance"", ""fresh"", ""men"", ""perfume"", ""woody""]",[],"[""100ml""]"
"Salvatore Ferragamo Amo flowerful - Eau de Toilette, 100 ml",salvatore-ferragamo-amo-flowerful-eau-de-toilette-100-ml,"Elegant, floral and polished. Salvatore Ferragamo Amo flowerful - Eau de Toilette, 100 ml is for the woman who loves classic elegance with a modern touch. Notes lean Fruity · Floral · Fresh. Eau de toilette — lighter and more refreshing. Best for daytime to early evening; spring and warmer months. If you like Versace Man Eau Fraiche and Dolce & Gabbana Light Blue, you will recognise the same family here. Easy enough for daily wear and a reliable, elevated gift choice.",7500,10125,https://cms.perfumeplugkenya.com/wp-content/uploads/salvatore_ferragamo_amo_ferragamo_flowerful_w_edt_100ml1.jpg,[],False,True,50,WOM-096,published,0.3,"[""edt"", ""floral"", ""fragrance"", ""fresh"", ""fruity"", ""perfume"", ""women""]",[],"[""100ml""]"
"Salvatore Ferragamo Signorina - Eau de Parfum, 100ml",salvatore-ferragamo-signorina-eau-de-parfum-100ml,"Warm, inviting and quietly addictive. Salvatore Ferragamo Signorina - Eau de Parfum, 100ml is for someone who enjoys soft, comforting, slightly sweet scents. Notes lean Fresh · floral · sweet · elegant. Best for autumn and winter evenings, and cosy occasions. If you like Ariana Grande Cloud and Gucci Bloom, you will recognise the same family here. Easy enough for daily wear and a reliable, elevated gift choice.",9000,12150,https://cms.perfumeplugkenya.com/wp-content/uploads/salvatore-ferragamo-signorina-eau-de-parfum-100-ml-1.jpg,[],False,True,50,WOM-097,published,0.3,"[""edp"", ""floral"", ""fragrance"", ""fresh"", ""gourmand"", ""perfume"", ""women""]",[],"[""100ml""]"
Salvatore Ferragamo Signorina Libera 100ml EDP - Luxury Women's Perfume,salvatore-ferragamo-signorina-libera-100ml-edp-luxury-womens-perfume,"Warm, inviting and quietly addictive. Salvatore Ferragamo Signorina Libera 100ml EDP - Luxury Women's Perfume is for someone who enjoys soft, comforting, slightly sweet scents. Notes lean Fruity · floral · sweet · modern. Best for autumn and winter evenings, and cosy occasions. If you like Ariana Grande Cloud and Mugler Angel, you will recognise the same family here. Easy enough for daily wear and a reliable, elevated gift choice.",8500,11475,https://cms.perfumeplugkenya.com/wp-content/uploads/salvatore-ferragamo-signorina-libera-eau-de-parfum-100-ml-kenya.png.png,[],False,True,50,WOM-098,published,0.3,"[""edp"", ""floral"", ""fragrance"", ""fruity"", ""gourmand"", ""perfume"", ""women""]",[],"[""100ml""]"
"Scuderia Ferrari - Eau de Toilette, 75ml",scuderia-ferrari-eau-de-toilette-75ml,"Clean, bright and effortlessly wearable. Scuderia Ferrari - Eau de Toilette, 75ml is for anyone who loves bright, energising openings. Notes lean Crisp Lemon · Fresh Mint · Warm Cedarwood. Eau de toilette — lighter and more refreshing. Best for mornings and daytime, especially in spring and summer. If you like Bleu de Chanel and Dolce & Gabbana Light Blue, you will recognise the same family here. Easy enough for daily wear and a reliable, elevated gift choice.",4500,6075,https://cms.perfumeplugkenya.com/wp-content/uploads/ferrari-scuderia-ferrari-racing-red-edt-125ml-2672-1000x1000-1.jpg,[],False,True,50,MEN-116,published,0.3,"[""citrus"", ""edt"", ""fragrance"", ""fresh"", ""men"", ""perfume"", ""woody""]",[],"[""75ml""]"
"Scuderia Ferrari Black - Eau de Toilette, 125ml",scuderia-ferrari-black-eau-de-toilette-125ml,"Woody, grounded and modern. Scuderia Ferrari Black - Eau de Toilette, 125ml is for the man who prefers quiet confidence over loud statements. Notes lean Woody. Eau de toilette — lighter and more refreshing. Best for day-to-night wear and cooler weather — excellent for work and evenings. If you like Tom Ford Oud Wood and Terre d'Hermès, you will recognise the same family here. Easy enough for daily wear and a reliable, elevated gift choice.",5500,7425,https://cms.perfumeplugkenya.com/wp-content/uploads/Scuderia_Ferrari_Black_by_Ferrari_for_Men_EDT_125mL.jpg,[],False,True,50,MEN-117,published,0.3,"[""edt"", ""fragrance"", ""men"", ""perfume"", ""woody""]",[],"[""125ml""]"
"Scuderia Ferrari Red - Eau de Toilette, 125ml",scuderia-ferrari-red-eau-de-toilette-125ml,"Clean, bright and effortlessly wearable. Scuderia Ferrari Red - Eau de Toilette, 125ml is for anyone who loves bright, energising openings. Notes lean Citrus. Eau de toilette — lighter and more refreshing. Best for mornings and daytime, especially in spring and summer. If you like Dolce & Gabbana Light Blue and Chanel Allure Homme Sport, you will recognise the same family here. Easy enough for daily wear and a reliable, elevated gift choice.",5500,7425,https://cms.perfumeplugkenya.com/wp-content/uploads/ferrari-scuderia-ferrari-racing-red-edt-125ml.jpg,[],False,True,50,MEN-118,published,0.3,"[""citrus"", ""edt"", ""fragrance"", ""men"", ""perfume""]",[],"[""125ml""]"
"Sospiro Vibrato - Eau de Parfum, 100 ml",sospiro-vibrato-eau-de-parfum-100-ml,"Clean, bright and effortlessly wearable. Sospiro Vibrato - Eau de Parfum, 100 ml is for anyone who loves bright, energising openings. Notes lean Citrus · Aromatic · Musky. Best for mornings and daytime, especially in spring and summer. If you like Bleu de Chanel and Prada Luna Rossa, you will recognise the same family here. Choose this when you want something that feels intentional — strong as a signature or a gift that stands out.",38500,51975,https://cms.perfumeplugkenya.com/wp-content/uploads/buy-Sospiro-Vibrato-Eau-de-Parfum-100ML-perfume-perfumeplugkenya.com_.webp,[],False,True,50,MEN-119,published,0.3,"[""aromatic"", ""citrus"", ""edp"", ""fragrance"", ""luxury"", ""men"", ""musky"", ""niche"", ""perfume"", ""premium""]",[],"[""100ml""]"
"Tiffany & Co. - Eau de Parfum, 75ml",tiffany-co-eau-de-parfum-75ml,"Elegant, floral and polished. Tiffany & Co. - Eau de Parfum, 75ml is for the woman who loves classic elegance with a modern touch. Notes lean Floral · Citrus · Woody · Musky. Best for daytime to early evening; spring and warmer months. If you like Byredo Blanche and Bleu de Chanel, you will recognise the same family here. Easy enough for daily wear and a reliable, elevated gift choice.",16500,22275,https://cms.perfumeplugkenya.com/wp-content/uploads/tiffany-and-co-eau-de-parfum-price-in-kenya.webp,[],False,True,50,WOM-099,published,0.3,"[""citrus"", ""edp"", ""floral"", ""fragrance"", ""musky"", ""perfume"", ""premium"", ""women"", ""woody""]",[],"[""75ml""]"
"Tom Ford Black Orchid - Eau de Parfum, 100ml",tom-ford-black-orchid-eau-de-parfum-100ml,"Warm, enveloping and full of depth. Tom Ford Black Orchid - Eau de Parfum, 100ml is for someone who wants depth, richness and evening presence. Notes lean Floral · Oriental · Amber. Best for cooler evenings, formal events and night-time presence. If you like Chanel Coco Mademoiselle and Mugler Angel, you will recognise the same family here. Choose this when you want something that feels intentional — strong as a signature or a gift that stands out.",25000,33750,https://cms.perfumeplugkenya.com/wp-content/uploads/tom-ford-black-orchid-eau-de-parfum-100-ml.webp,[],False,True,50,MEN-120,published,0.3,"[""edp"", ""floral"", ""fragrance"", ""luxury"", ""men"", ""niche"", ""oriental"", ""perfume"", ""premium""]",[],"[""100ml""]"
"Tom Ford Oud Wood - Eau de Parfum, 50 ml",tom-ford-oud-wood-eau-de-parfum-50-ml,"Rich, resinous and unmistakably luxurious. Tom Ford Oud Wood - Eau de Parfum, 50 ml is for the collector who appreciates rich, resinous luxury. Notes lean woody · Oud. Best for evening wear and special occasions when you want presence. If you like Initio Oud for Greatness and Tom Ford Oud Wood, you will recognise the same family here. Choose this when you want something that feels intentional — strong as a signature or a gift that stands out.",39000,52650,https://cms.perfumeplugkenya.com/wp-content/uploads/tom-ford-oud-wood-eau-de-parfum-50-mls.png.png,[],False,True,50,MEN-121,published,0.3,"[""arabic"", ""edp"", ""fragrance"", ""luxury"", ""men"", ""middle-eastern"", ""niche"", ""perfume"", ""premium"", ""woody""]",[],"[""50ml""]"
"Tom Ford Tobacco Vanille - Eau de Parfum, 50 ml",tom-ford-tobacco-vanille-eau-de-parfum-50-ml,"Dark, textured and memorable. Tom Ford Tobacco Vanille - Eau de Parfum, 50 ml is for anyone drawn to smoky, atmospheric fragrances. Notes lean Tobacco · Vanilla · Spicy. Best for night-time and colder seasons. If you like Dolce & Gabbana The One and Lalique Encre Noire, you will recognise the same family here. Choose this when you want something that feels intentional — strong as a signature or a gift that stands out.",39000,52650,https://cms.perfumeplugkenya.com/wp-content/uploads/buy-original-tom-ford-tobacco-vanille-in-kenya-50ml-edp.webp,[],False,True,50,MEN-122,published,0.3,"[""edp"", ""fragrance"", ""luxury"", ""men"", ""niche"", ""oriental"", ""perfume"", ""premium"", ""smoky"", ""spicy""]",[],"[""50ml""]"
"Tom Ford Tuscan Leather - Eau de Parfum, 50 ml",tom-ford-tuscan-leather-eau-de-parfum-50-ml,"Dark, textured and memorable. Tom Ford Tuscan Leather - Eau de Parfum, 50 ml is for the refined wearer who likes dark, sophisticated character. Notes lean Leather · Woody · Smoky. Best for evenings and cooler months — statement occasions. If you like Tom Ford Oud Wood and Bleu de Chanel, you will recognise the same family here. Choose this when you want something that feels intentional — strong as a signature or a gift that stands out.",36500,49275,https://cms.perfumeplugkenya.com/wp-content/uploads/tom-ford-tuscan-leather-original-authentic-fragrance-in-kenya-50ml-edp-1.webp,[],False,True,50,MEN-123,published,0.3,"[""edp"", ""fragrance"", ""leather"", ""luxury"", ""men"", ""niche"", ""perfume"", ""premium"", ""smoky"", ""woody""]",[],"[""50ml""]"
"Tom Ford cafe rose - Eau de Parfum, 50 ml + 10ml travel spray",tom-ford-cafe-rose-eau-de-parfum-50-ml-10ml-travel-spray,"Warm, inviting and quietly addictive. Tom Ford cafe rose - Eau de Parfum, 50 ml + 10ml travel spray is for the man who enjoys sweet-meets-masculine warmth. Notes lean Rose · Coffee · Patchouli. Best for autumn and winter evenings, and cosy occasions. If you like Ariana Grande Cloud and Tom Ford Oud Wood, you will recognise the same family here. Choose this when you want something that feels intentional — strong as a signature or a gift that stands out.",21500,29025,https://cms.perfumeplugkenya.com/wp-content/uploads/tom-ford-cafe-rose-50ml-edp-price-in-kenya.webp,[],False,True,50,MEN-124,published,0.3,"[""edp"", ""floral"", ""fragrance"", ""gourmand"", ""luxury"", ""men"", ""niche"", ""perfume"", ""premium"", ""woody""]",[],"[""50ml""]"
"Valentino Uomo Born In Roma Intense for Men - Eau de Parfum, 100ml",valentino-uomo-born-in-roma-intense-for-men-eau-de-parfum-100ml,"Warm, enveloping and full of depth. Valentino Uomo Born In Roma Intense for Men - Eau de Parfum, 100ml is for someone who wants depth, richness and evening presence. Notes lean Vanilla · Amber · Woody. Best for cooler evenings, formal events and night-time presence. If you like YSL Black Opium and Dior Sauvage, you will recognise the same family here. Choose this when you want something that feels intentional — strong as a signature or a gift that stands out.",21500,29025,https://cms.perfumeplugkenya.com/wp-content/uploads/valentino-donna-born-in-roma-intense-eau-de-parfum-100ml-best-price-in-kenya.avif,[],False,True,50,MEN-125,published,0.3,"[""edp"", ""fragrance"", ""men"", ""oriental"", ""perfume"", ""premium"", ""woody""]",[],"[""100ml""]"
"Vera Wang Lovestruck - Eau de Parfum, 100 ml",vera-wang-lovestruck-eau-de-parfum-100-ml,"Elegant, floral and polished. Vera Wang Lovestruck - Eau de Parfum, 100 ml is for the woman who loves classic elegance with a modern touch. Notes lean Floral · Fruity · Romantic. Best for daytime to early evening; spring and warmer months. If you like Dolce & Gabbana Light Blue and Chanel Coco Mademoiselle, you will recognise the same family here. Easy enough for daily wear and a reliable, elevated gift choice.",6500,8775,https://cms.perfumeplugkenya.com/wp-content/uploads/buy-in-kenya-vera_wang_love_struk_for_women_eau_de_parfum_100ml.jpg,[],False,True,50,WOM-100,published,0.3,"[""edp"", ""floral"", ""fragrance"", ""fruity"", ""perfume"", ""women""]",[],"[""100ml""]"
"Versace Crystal Noir - Eau de Toilette, 90ml",versace-crystal-noir-eau-de-toilette-90ml,"Spiced, warm and full of character. Versace Crystal Noir - Eau de Toilette, 90ml is for the bold personality who enjoys spice with femininity. Notes lean Floral · Spicy · Woody. Eau de toilette — lighter and more refreshing. Best for evenings, autumn and winter, and date nights. If you like Paco Rabanne 1 Million and Bleu de Chanel, you will recognise the same family here. Easy enough for daily wear and a reliable, elevated gift choice.",13500,18225,https://cms.perfumeplugkenya.com/wp-content/uploads/versace-crystal-noir-eau-de-toilette-90mls-best-perfume-in-kenya-1.png,[],False,True,50,WOM-101,published,0.3,"[""designer"", ""edt"", ""floral"", ""fragrance"", ""perfume"", ""spicy"", ""women"", ""woody""]",[],"[""90ml""]"
"Versace Dylan Blue Pour Homme - Eau de Toilette, 100ml",versace-dylan-blue-pour-homme-eau-de-toilette-100ml,"Clean, bright and effortlessly wearable. Versace Dylan Blue Pour Homme - Eau de Toilette, 100ml is for the active professional who wants to feel clean and sharp all day. Notes lean Fresh · Woody · Aromatic. Eau de toilette — lighter and more refreshing. Best for daytime, warmer months, the office and casual settings. If you like Acqua di Gio and Prada Luna Rossa, you will recognise the same family here. Easy enough for daily wear and a reliable, elevated gift choice.",13500,18225,https://cms.perfumeplugkenya.com/wp-content/uploads/versace-dylan-blue-pour-homme-price-in-kenya-100ml-eau-de-toilette.jpg,[],False,True,50,MEN-126,published,0.3,"[""aromatic"", ""designer"", ""edt"", ""fragrance"", ""fresh"", ""men"", ""perfume"", ""woody""]",[],"[""100ml""]"
"Versace Eau Fraiche - Eau de Toilette, 100 ml",versace-eau-fraiche-eau-de-toilette-100-ml,"Clean, bright and effortlessly wearable. Versace Eau Fraiche - Eau de Toilette, 100 ml is for anyone who loves bright, energising openings. Notes lean Fresh · citrusy · Woody. Eau de toilette — lighter and more refreshing. Best for mornings and daytime, especially in spring and summer. If you like Tom Ford Oud Wood and Bleu de Chanel, you will recognise the same family here. Easy enough for daily wear and a reliable, elevated gift choice.",13000,17550,https://cms.perfumeplugkenya.com/wp-content/uploads/versace-eau-fraiche-eau-de-toilette-100-ml.jpg,[],False,True,50,MEN-127,published,0.3,"[""citrus"", ""designer"", ""edt"", ""fragrance"", ""fresh"", ""men"", ""perfume"", ""woody""]",[],"[""100ml""]"
"Versace Eau Fraiche Gift Set - Eau de Toilette, 100ml + 10ml Travel Spray + Trousse bag",versace-eau-fraiche-gift-set-eau-de-toilette-100ml-10ml-travel-spray-trousse-bag,"Clean, bright and effortlessly wearable. Versace Eau Fraiche Gift Set - Eau de Toilette, 100ml + 10ml Travel Spray + Trousse bag is for anyone who loves bright, energising openings. Notes lean Fresh · Citrus · Woody. Eau de toilette — lighter and more refreshing. Best for mornings and daytime, especially in spring and summer. If you like Terre d'Hermès and Bleu de Chanel, you will recognise the same family here. Comes as a set, so it is ready to give without extra wrapping stress.",13000,17550,https://cms.perfumeplugkenya.com/wp-content/uploads/versace-eau-fraiche-eau-de-toilette-gift-set.webp,[],False,True,50,MEN-128,published,0.3,"[""citrus"", ""designer"", ""edt"", ""fragrance"", ""fresh"", ""gift-set"", ""men"", ""perfume"", ""woody""]",[],"[""100ml""]"
"Versace Eros Pour Femme - Eau de Parfum, 100 ml",versace-eros-pour-femme-eau-de-parfum-100-ml,"Elegant, floral and polished. Versace Eros Pour Femme - Eau de Parfum, 100 ml is for the woman who loves classic elegance with a modern touch. Notes lean Citrus · Floral · Woody. Best for daytime to early evening; spring and warmer months. If you like Dolce & Gabbana Light Blue and Terre d'Hermès, you will recognise the same family here. Easy enough for daily wear and a reliable, elevated gift choice.",15500,20925,https://cms.perfumeplugkenya.com/wp-content/uploads/versace-eros-pour-femme-100-ml-edp-original-perfume-in-kenya.jpg,[],False,True,50,WOM-102,published,0.3,"[""citrus"", ""designer"", ""edp"", ""floral"", ""fragrance"", ""perfume"", ""premium"", ""women"", ""woody""]",[],"[""100ml""]"
"Versace Oud Noir - Eau de Parfum, 100ml",versace-oud-noir-eau-de-parfum-100ml,"Rich, resinous and unmistakably luxurious. Versace Oud Noir - Eau de Parfum, 100ml is for the collector who appreciates rich, resinous luxury. Notes lean Spicy · woody · oriental · luxurious. Best for evening wear and special occasions when you want presence. If you like YSL Black Opium and Dolce & Gabbana The One, you will recognise the same family here. Easy enough for daily wear and a reliable, elevated gift choice.",14500,19575,https://cms.perfumeplugkenya.com/wp-content/uploads/versace-oud-noir-eau-de-parfum-100-ml.jpg,[],False,True,50,MEN-129,published,0.3,"[""arabic"", ""designer"", ""edp"", ""fragrance"", ""men"", ""middle-eastern"", ""oriental"", ""perfume"", ""spicy"", ""woody""]",[],"[""100ml""]"
"Versace Pour Femme Dylan Blue - Eau de Parfum, 100 ml",versace-pour-femme-dylan-blue-eau-de-parfum-100-ml,"Elegant, floral and polished. Versace Pour Femme Dylan Blue - Eau de Parfum, 100 ml is for the woman who loves classic elegance with a modern touch. Notes lean Fruity · floral · fresh · modern. Best for daytime to early evening; spring and warmer months. If you like Miss Dior and Marc Jacobs Daisy, you will recognise the same family here. Easy enough for daily wear and a reliable, elevated gift choice.",14500,19575,https://cms.perfumeplugkenya.com/wp-content/uploads/versace-dylan-blue-for-her.jpg,[],False,True,50,WOM-103,published,0.3,"[""designer"", ""edp"", ""floral"", ""fragrance"", ""fresh"", ""fruity"", ""perfume"", ""women""]",[],"[""100ml""]"
"Versace Yellow Diamond - Eau de Toilette, 90ml",versace-yellow-diamond-eau-de-toilette-90ml,"Elegant, floral and polished. Versace Yellow Diamond - Eau de Toilette, 90ml is for the woman who loves classic elegance with a modern touch. Notes lean Bright Citrus · Fresh Floral · Clean Musk. Eau de toilette — lighter and more refreshing. Best for daytime to early evening; spring and warmer months. If you like Davidoff Cool Water and Dolce & Gabbana Light Blue, you will recognise the same family here. Easy enough for daily wear and a reliable, elevated gift choice.",13500,18225,https://cms.perfumeplugkenya.com/wp-content/uploads/versace-yellow-diamond-eau-de-toilette-90-ml-.jpg,[],False,True,50,WOM-104,published,0.3,"[""citrus"", ""designer"", ""edt"", ""floral"", ""fragrance"", ""fresh"", ""musky"", ""perfume"", ""women""]",[],"[""90ml""]"
"Versace eros flame - Eau de Parfum, 100 ml",versace-eros-flame-eau-de-parfum-100-ml,"Warm, enveloping and full of depth. Versace eros flame - Eau de Parfum, 100 ml is for someone who wants depth, richness and evening presence. Notes lean Woody · Spicy · Amber. Best for cooler evenings, formal events and night-time presence. If you like Tom Ford Tobacco Vanille and YSL Black Opium, you will recognise the same family here. Easy enough for daily wear and a reliable, elevated gift choice.",12500,16875,https://cms.perfumeplugkenya.com/wp-content/uploads/1-16.jpg,[],False,True,50,MEN-130,published,0.3,"[""designer"", ""edp"", ""fragrance"", ""men"", ""oriental"", ""perfume"", ""spicy"", ""woody""]",[],"[""100ml""]"
"Versace man eau fraiche extreme pour homme - Eau de Parfum, 100ml",versace-man-eau-fraiche-extreme-pour-homme-eau-de-parfum-100ml,"Clean, bright and effortlessly wearable. Versace man eau fraiche extreme pour homme - Eau de Parfum, 100ml is for anyone who loves bright, energising openings. Notes lean Fresh · Citrus · Woody. Best for mornings and daytime, especially in spring and summer. If you like Chanel Allure Homme Sport and Dior Sauvage, you will recognise the same family here. Easy enough for daily wear and a reliable, elevated gift choice.",17500,23625,https://cms.perfumeplugkenya.com/wp-content/uploads/versace-man-eau-fraiche-extreme-in-kenya.jpg,[],False,True,50,MEN-131,published,0.3,"[""citrus"", ""designer"", ""edp"", ""fragrance"", ""fresh"", ""men"", ""perfume"", ""premium"", ""woody""]",[],"[""100ml""]"
"Viktor & Rolf SpiceBomb Extreme - Eau de Parfum, 90ml",viktor-rolf-spicebomb-extreme-eau-de-parfum-90ml,"Warm, inviting and quietly addictive. Viktor & Rolf SpiceBomb Extreme - Eau de Parfum, 90ml is for the man who enjoys sweet-meets-masculine warmth. Notes lean Warm spicy · sweet · tobacco. Best for autumn and winter evenings, and cosy occasions. If you like Mugler Angel and Paco Rabanne 1 Million, you will recognise the same family here. Easy enough for daily wear and a reliable, elevated gift choice.",14000,18900,https://cms.perfumeplugkenya.com/wp-content/uploads/viktor-rolf-spicebomb-extreme-eau-de-parfum.jpg,[],False,True,50,MEN-132,published,0.3,"[""edp"", ""fragrance"", ""gourmand"", ""men"", ""perfume"", ""smoky"", ""spicy""]",[],"[""90ml""]"
"Viktor & Rolf flowerbomb extreme - Eau de Parfum Intense, 100 ml",viktor-rolf-flowerbomb-extreme-eau-de-parfum-intense-100-ml,"Warm, inviting and quietly addictive. Viktor & Rolf flowerbomb extreme - Eau de Parfum Intense, 100 ml is for someone who enjoys soft, comforting, slightly sweet scents. Notes lean Floral · Sweet · Warm. Best for autumn and winter evenings, and cosy occasions. If you like Ariana Grande Cloud and Mugler Angel, you will recognise the same family here. Choose this when you want something that feels intentional — strong as a signature or a gift that stands out.",19000,25650,https://cms.perfumeplugkenya.com/wp-content/uploads/buy-at-perfume-plug-kenya-viktor-rolf-flowerbomb-extreme-100ml-edp.avif,[],False,True,50,WOM-105,published,0.3,"[""edp"", ""floral"", ""fragrance"", ""gourmand"", ""perfume"", ""premium"", ""women""]",[],"[""100ml""]"
"Viva La Juicy Gold Couture - Eau de Parfum, 100ml",viva-la-juicy-gold-couture-eau-de-parfum-100ml,"Warm, inviting and quietly addictive. Viva La Juicy Gold Couture - Eau de Parfum, 100ml is for someone who enjoys soft, comforting, slightly sweet scents. Notes lean Floral-fruity Gourmand. Best for autumn and winter evenings, and cosy occasions. If you like Chanel Coco Mademoiselle and Lancôme La Vie Est Belle, you will recognise the same family here. Easy enough for daily wear and a reliable, elevated gift choice.",9500,12825,https://cms.perfumeplugkenya.com/wp-content/uploads/juicy-couture-viva-la-juicy-gold-couture-w-edp-100ml.jpgs_.jpg,[],False,True,50,WOM-106,published,0.3,"[""edp"", ""floral"", ""fragrance"", ""fruity"", ""gourmand"", ""perfume"", ""women""]",[],"[""100ml""]"
"Xerjoff Naxos - Eau de Parfum, 100 ml",xerjoff-naxos-eau-de-parfum-100-ml,"Warm, inviting and quietly addictive. Xerjoff Naxos - Eau de Parfum, 100 ml is for the man who enjoys sweet-meets-masculine warmth. Notes lean Rich Honey · Fresh Lavender · Sweet Tobacco Leaf · Warm Vanilla. Best for autumn and winter evenings, and cosy occasions. If you like Davidoff Cool Water and Issey Miyake L'Eau d'Issey, you will recognise the same family here. Choose this when you want something that feels intentional — strong as a signature or a gift that stands out.",32500,43875,https://cms.perfumeplugkenya.com/wp-content/uploads/xerjoff-naxos-eau-de-parfum-100ml-price-in-kenya.png,[],False,True,50,MEN-133,published,0.3,"[""aromatic"", ""edp"", ""fragrance"", ""fresh"", ""gourmand"", ""green"", ""luxury"", ""men"", ""niche"", ""oriental"", ""perfume"", ""premium"", ""smoky""]",[],"[""100ml""]"
"Xerjoff Ouverture - Eau de Parfum, 100 ml",xerjoff-ouverture-eau-de-parfum-100-ml,"Warm, enveloping and full of depth. Xerjoff Ouverture - Eau de Parfum, 100 ml is for someone who wants depth, richness and evening presence. Notes lean Amber Floral · Fruity · Warm Woody. Best for cooler evenings, formal events and night-time presence. If you like Terre d'Hermès and Dolce & Gabbana Light Blue, you will recognise the same family here. Choose this when you want something that feels intentional — strong as a signature or a gift that stands out.",33500,45225,https://cms.perfumeplugkenya.com/wp-content/uploads/xerjoff-ouverture-eau-de-parfum-niche-100ml.png,[],False,True,50,MEN-134,published,0.3,"[""edp"", ""floral"", ""fragrance"", ""fruity"", ""luxury"", ""men"", ""niche"", ""oriental"", ""perfume"", ""premium"", ""woody""]",[],"[""100ml""]"
"Yves Saint Laurent Black Opium - Eau de Parfum, 90ml",yves-saint-laurent-black-opium-eau-de-parfum-90ml,"Warm, inviting and quietly addictive. Yves Saint Laurent Black Opium - Eau de Parfum, 90ml is for someone who enjoys soft, comforting, slightly sweet scents. Notes lean Dark Coffee · Sweet Vanilla · Luminous Jasmine. Best for autumn and winter evenings, and cosy occasions. If you like Chanel Coco Mademoiselle and Lancôme La Vie Est Belle, you will recognise the same family here. Choose this when you want something that feels intentional — strong as a signature or a gift that stands out.",19500,26325,https://cms.perfumeplugkenya.com/wp-content/uploads/yves-saint-laurent-opium-black-eau-de-parfum-90-mls.jpg,[],False,True,50,WOM-107,published,0.3,"[""designer"", ""edp"", ""floral"", ""fragrance"", ""gourmand"", ""oriental"", ""perfume"", ""premium"", ""women""]",[],"[""90ml""]"
"Yves Saint Laurent Libre - Eau de Parfum Intense, 90ml",yves-saint-laurent-libre-eau-de-parfum-intense-90ml,"Warm, enveloping and full of depth. Yves Saint Laurent Libre - Eau de Parfum Intense, 90ml is for the woman who wants warmth, depth and evening allure. Notes lean Floral · Vanilla · Aromatic. Best for cooler evenings, formal events and night-time presence. If you like Gucci Bloom and Mugler Angel, you will recognise the same family here. Choose this when you want something that feels intentional — strong as a signature or a gift that stands out.",24500,33075,https://cms.perfumeplugkenya.com/wp-content/uploads/yves-saint-laurent-libre-eau-de-parfum-intense-90-ml.jpg,[],False,True,50,WOM-108,published,0.3,"[""aromatic"", ""designer"", ""edp"", ""floral"", ""fragrance"", ""oriental"", ""perfume"", ""premium"", ""women""]",[],"[""90ml""]"
"Yves Saint Laurent Mon Paris - Eau de Parfum, 90ml",yves-saint-laurent-mon-paris-eau-de-parfum-90ml,"Warm, inviting and quietly addictive. Yves Saint Laurent Mon Paris - Eau de Parfum, 90ml is for someone who enjoys soft, comforting, slightly sweet scents. Notes lean Sweet Floral. Best for autumn and winter evenings, and cosy occasions. If you like Miss Dior and Mugler Angel, you will recognise the same family here. Choose this when you want something that feels intentional — strong as a signature or a gift that stands out.",20500,27675,https://cms.perfumeplugkenya.com/wp-content/uploads/yves-saint-laurent-mon-paris-eau-de-parfum-90ml.jpg,[],False,True,50,WOM-109,published,0.3,"[""designer"", ""edp"", ""floral"", ""fragrance"", ""gourmand"", ""perfume"", ""premium"", ""women""]",[],"[""90ml""]"
"Yves Saint Laurent Myself - Eau de Parfum, 100ml",yves-saint-laurent-myself-eau-de-parfum-100ml,"Clean, bright and effortlessly wearable. Yves Saint Laurent Myself - Eau de Parfum, 100ml is for anyone who loves bright, energising openings. Notes lean Citrus · White Floral. Best for daytime to early evening; spring and warmer months. If you like Dolce & Gabbana Light Blue and Acqua di Gio, you will recognise the same family here. Choose this when you want something that feels intentional — strong as a signature or a gift that stands out.",22500,30375,https://cms.perfumeplugkenya.com/wp-content/uploads/yves-saint-laurent-myself-100ml-eau-de-parfum-price-in-kenya.jpg,[],False,True,50,MEN-135,published,0.3,"[""citrus"", ""designer"", ""edp"", ""floral"", ""fragrance"", ""men"", ""perfume"", ""premium""]",[],"[""100ml""]"
"Yves Saint Laurent Y - Eau de Parfum, 100ml",yves-saint-laurent-y-eau-de-parfum-100ml,"Warm, enveloping and full of depth. Yves Saint Laurent Y - Eau de Parfum, 100ml is for someone who wants depth, richness and evening presence. Notes lean Crisp Apple · Aromatic Sage · Rich Amberwood. Best for cooler evenings, formal events and night-time presence. If you like YSL Black Opium and Carolina Herrera Good Girl, you will recognise the same family here. Choose this when you want something that feels intentional — strong as a signature or a gift that stands out.",19000,25650,https://cms.perfumeplugkenya.com/wp-content/uploads/yves-saint-laurent-y-eau-de-parfum-100mls.webp,[],False,True,50,MEN-136,published,0.3,"[""aromatic"", ""designer"", ""edp"", ""fragrance"", ""fruity"", ""men"", ""oriental"", ""perfume"", ""premium"", ""woody""]",[],"[""100ml""]"
"Yves Saint Laurent Y - Le Parfum, 100ml",yves-saint-laurent-y-le-parfum-100ml,"Bright, cheerful and easy to love. Yves Saint Laurent Y - Le Parfum, 100ml is for the modern gentleman who likes polished, versatile scents. Notes lean Crisp Green Apple · Dark Lavender · Rich Cedarwood. Parfum concentration with deeper presence. Best for daytime, casual outings and warmer weather. If you like Bleu de Chanel and Marc Jacobs Daisy, you will recognise the same family here. Choose this when you want something that feels intentional — strong as a signature or a gift that stands out.",22500,30375,https://cms.perfumeplugkenya.com/wp-content/uploads/yves-saint-laurent-y-le-parfum-100ml.webp,[],False,True,50,MEN-137,published,0.3,"[""aromatic"", ""designer"", ""fragrance"", ""fruity"", ""green"", ""men"", ""parfum"", ""perfume"", ""premium"", ""woody""]",[],"[""100ml""]"
